pl_name,hostname,disc_facility,pl_orbper,pl_rade,st_teff,st_rad,st_lum,st_mass
Kepler-1167 b,Kepler-1167,Kepler,1.003933739,1.71,4971.0,0.75,-0.53589,0.79
Kepler-1740 b,Kepler-1740,Kepler,8.172400475,3.32321414,5705.0,0.905,-0.07942,0.943
Kepler-1581 b,Kepler-1581,Kepler,6.28385491,0.8,6022.0,1.23,0.39085,1.12
Kepler-644 b,Kepler-644,Kepler,3.173917103,3.15,6747.0,1.81,0.71041,1.49
Kepler-1752 b,Kepler-1752,Kepler,56.35850143,4.54060463,5446.0,0.821,-0.39819,0.824
Kepler-280 c,Kepler-280,Kepler,4.807091,2.01,5744.0,0.886,-0.06437,0.962
Kepler-1208 b,Kepler-1208,Kepler,11.08507637,2.32,5001.0,0.76,-0.55349,0.8
Kepler-263 c,Kepler-263,Kepler,47.332773,2.47,5265.0,0.785,-0.45614,0.793
Kepler-1101 b,Kepler-1101,Kepler,81.3151059,2.47,5614.0,0.91,-0.35135,0.94
Kepler-560 b,Kepler-560,Kepler,18.47764449,1.72,3556.0,0.33,-1.717,0.34
Kepler-150 d,Kepler-150,Kepler,12.56093,2.79,5560.0,0.939,-0.16141,0.956
Kepler-498 b,Kepler-498,Kepler,9.61375356,3.03,5744.0,0.96,0.17242,0.98
Kepler-817 b,Kepler-817,Kepler,3.990106229,9.03,5861.0,1.03,0.08609,1.03
Kepler-937 b,Kepler-937,Kepler,67.668827,3.72,6095.0,1.22,0.28097,1.15
Kepler-571 b,Kepler-571,Kepler,4.798599388,2.64,5527.0,0.9,-0.22253,0.93
Kepler-1458 b,Kepler-1458,Kepler,47.9872764,2.76,5653.0,0.94,-0.24032,0.96
Kepler-1600 c,Kepler-1600,Kepler,7.298049927,1.94206512,5119.0,0.834,-0.33945,0.818
Kepler-221 d,Kepler-221,Kepler,10.04156,2.73,5243.0,0.821,-0.40429,0.854
Kepler-626 b,Kepler-626,Kepler,14.48585199,2.29,5813.0,1.05,-0.04194,1.01
Kepler-1549 b,Kepler-1549,Kepler,214.886545,2.57,5324.0,0.84,-0.27333,0.88
Kepler-1149 b,Kepler-1149,Kepler,3.73089898,1.44,5833.0,1.01,0.16546,1.02
Kepler-1288 b,Kepler-1288,Kepler,2.76122421,1.12,6132.0,1.29,0.30207,1.2
Kepler-128 b,Kepler-128,Kepler,15.0,1.421,6072.0,1.659,0.57542,1.184
Kepler-1245 b,Kepler-1245,Kepler,4.35409304,1.44,5306.0,0.83,-0.41093,0.86
Kepler-1068 b,Kepler-1068,Kepler,16.92344113,3.63,5806.0,1.01,-0.02521,1.01
Kepler-311 c,Kepler-311,Kepler,19.738286,1.43,5905.0,1.188,0.19328,0.994
Kepler-150 e,Kepler-150,Kepler,30.826557,3.12,5560.0,0.939,-0.16141,0.956
Kepler-272 c,Kepler-272,Kepler,6.057342,1.79,5297.0,0.929,0.06634,0.91
Kepler-152 c,Kepler-152,Kepler,88.255055,2.39,5088.0,0.724,-0.46488,0.779
Kepler-1506 b,Kepler-1506,Kepler,14.0329154,1.32,5676.0,0.93,0.42561,0.95
Kepler-595 c,Kepler-595,Kepler,12.38602,1.009,5138.5,0.821,-0.34768,0.93
Kepler-595 b,Kepler-595,Kepler,25.3029092,3.708,5138.5,0.821,-0.34768,0.93
Kepler-45 b,Kepler-45,Kepler,2.455239,10.76,3820.0,0.55,-1.27572,0.59
HD 221416 b,HD 221416,Transiting Exoplanet Survey Satellite (TESS),14.2767,9.17,5080.0,2.943,0.71181,1.212
Kepler-18 c,Kepler-18,Kepler,7.64159,5.49,5345.0,1.108,-0.031,0.972
Kepler-18 b,Kepler-18,Kepler,3.504725,2.0,5345.0,1.108,-0.031,0.972
Kepler-4 b,Kepler-4,Kepler,3.21346,4.002,5857.0,1.487,0.354,1.223
Kepler-18 d,Kepler-18,Kepler,14.85888,6.98,5345.0,1.108,-0.031,0.972
Kepler-419 c,Kepler-419,Kepler,675.47,12.6,6430.0,1.74,0.7268,1.39
Kepler-419 b,Kepler-419,Kepler,69.7546,10.8,6430.0,1.74,0.7268,1.39
Kepler-59 c,Kepler-59,Kepler,17.9801235,1.98,6074.0,0.94,0.32374,1.04
Kepler-58 c,Kepler-58,Kepler,15.5741568,2.86,5843.0,1.03,-0.00422,0.95
KOI-217 b,KOI-217,Kepler,3.90512,12.442,5545.0,0.86,-0.16872,0.95
Kepler-51 c,Kepler-51,Kepler,85.312,9.0,6018.0,0.94,-0.1417,1.04
Kepler-62 c,Kepler-62,Kepler,12.4417,0.54,4925.0,0.64,-0.678,0.69
Kepler-62 b,Kepler-62,Kepler,5.714932,1.31,4925.0,0.64,-0.678,0.69
Kepler-59 b,Kepler-59,Kepler,11.8681707,1.1,6074.0,0.94,0.32374,1.04
Kepler-53 b,Kepler-53,Kepler,18.6489525,2.89,5858.0,0.89,0.03558,0.98
Kepler-69 b,Kepler-69,Kepler,13.722341,2.24,5638.0,0.93,-0.097,0.81
Kepler-37 e,Kepler-37,Kepler,51.196,0.37,5288.0,0.772,-0.32187,0.8
Kepler-65 d,Kepler-65,Kepler,8.13123,1.52,6211.0,1.41,0.4674,1.25
Kepler-52 c,Kepler-52,Kepler,16.3850021,1.84,4075.0,0.52,-0.99568,0.54
Kepler-55 b,Kepler-55,Kepler,27.9481449,2.43,4362.0,0.58,-0.76324,0.62
Kepler-413 b,Kepler-413,Kepler,66.262,4.347,4700.0,0.7761,-0.42994,0.82
KOI-55 b,KOI-55,Kepler,0.240104,0.759,27730.0,0.203,1.36,0.496
KOI-55 c,KOI-55,Kepler,0.342887,0.867,27730.0,0.203,1.36,0.496
Kepler-38 b,Kepler-38,Kepler,105.599,4.3,5623.0,1.752,0.49161,0.941
Kepler-30 d,Kepler-30,Kepler,143.34394,8.8,5498.0,0.95,-0.23658,0.99
Kepler-50 c,Kepler-50,Kepler,9.37647,2.17,6225.0,1.58,0.53582,1.24
Kepler-63 b,Kepler-63,Kepler,9.4341505,6.11,5576.0,0.901,-0.157,0.984
Kepler-77 b,Kepler-77,Kepler,3.57878087,10.761,5520.0,0.99,-0.046,0.95
Kepler-186 b,Kepler-186,Kepler,3.8867907,1.07,3788.0,0.472,-1.385,0.478
Kepler-27 c,Kepler-27,Kepler,31.3309,4.9,5400.0,0.59,-0.32941,0.65
Kepler-27 b,Kepler-27,Kepler,15.3348,4.0,5400.0,0.59,-0.32941,0.65
Kepler-186 d,Kepler-186,Kepler,13.342996,1.4,3788.0,0.472,-1.385,0.478
Kepler-11 d,Kepler-11,Kepler,22.6845,3.12,5663.0,1.065,0.1202,0.961
Kepler-11 b,Kepler-11,Kepler,10.3039,1.8,5663.0,1.065,0.1202,0.961
Kepler-31 c,Kepler-31,Kepler,42.6318,5.3,6340.0,1.22,0.30134,1.21
Kepler-32 c,Kepler-32,Kepler,8.7522,2.0,3900.0,0.53,-1.29243,0.58
Kepler-1735 b,Kepler-1735,Kepler,7.71792984,1.19429134,3975.0,0.509,-1.19302,0.535
Kepler-32 d,Kepler-32,Kepler,22.7802,2.7,3900.0,0.53,-1.29243,0.58
Kepler-31 d,Kepler-31,Kepler,87.6451,3.9,6340.0,1.22,0.30134,1.21
Kepler-31 b,Kepler-31,Kepler,20.8613,5.5,6340.0,1.22,0.30134,1.21
Kepler-32 f,Kepler-32,Kepler,0.74296,0.82,3900.0,0.53,-1.29243,0.58
Kepler-134 c,Kepler-134,Kepler,10.105785,1.26,5983.0,1.176,0.06051,0.956
Kepler-210 b,Kepler-210,Kepler,2.453234,2.94,4559.0,0.65,-0.79874,0.77
Kepler-422 b,Kepler-422,Kepler,7.8914483,12.89,5972.0,1.24,0.24,1.15
Kepler-426 b,Kepler-426,Kepler,3.21751883,12.22,5725.0,0.92,-0.089,0.91
Kepler-16 b,Kepler-16,Kepler,228.776,8.4493,4450.0,0.6489,-0.90301,0.6897
KOI-94 d,KOI-94,Kepler,22.342989,11.27,6182.0,1.52,0.479,1.277
KOI-94 b,KOI-94,Kepler,3.743208,1.71,6182.0,1.52,0.479,1.277
Kepler-35 b,Kepler-35,Kepler,131.458,8.16,5606.0,1.0284,-0.027,0.8877
Kepler-415 c,Kepler-415,Kepler,8.708,2.01,4362.0,0.643,-0.80504,0.67
Kepler-428 b,Kepler-428,Kepler,3.52563254,12.11,5150.0,0.8,-0.39,0.87
Kepler-425 b,Kepler-425,Kepler,3.79701816,10.962,5170.0,0.86,-0.323,0.93
KOI-94 e,KOI-94,Kepler,54.32031,6.56,6182.0,1.52,0.479,1.277
Kepler-396 c,Kepler-396,Kepler,88.505,5.3,5656.0,1.06,-0.13461,0.85
Kepler-122 f,Kepler-122,Kepler,56.268,1.75,5917.0,0.949,0.26993,1.03
Kepler-96 b,Kepler-96,Kepler,16.2385,2.67,5690.0,1.02,-0.05231,1.0
Kepler-414 c,Kepler-414,Kepler,7.171,3.01,5536.0,0.946,-0.16917,0.89
Kepler-42 c,Kepler-42,Kepler,0.45328509,0.73,3068.0,0.17,-2.62,0.13
Kepler-33 c,Kepler-33,Kepler,13.17562,3.2,5904.0,1.82,0.556,1.291
Kepler-641 b,Kepler-641,Kepler,9.48961571,1.85,5713.0,1.13,0.39002,1.02
Kepler-410 A b,Kepler-410 A,Kepler,17.833648,2.838,6273.0,1.352,0.435,1.214
Kepler-314 c,Kepler-314,Kepler,5.960392,2.9,5378.0,0.95,-0.22569,0.99
Kepler-415 b,Kepler-415,Kepler,4.176,1.21,4362.0,0.643,-0.80504,0.67
Kepler-338 e,Kepler-338,Kepler,9.341,1.56,5999.0,1.735,0.5857,1.14
Kepler-33 e,Kepler-33,Kepler,31.7844,4.02,5904.0,1.82,0.556,1.291
Kepler-33 b,Kepler-33,Kepler,5.66793,1.74,5904.0,1.82,0.556,1.291
Kepler-46 c,Kepler-46,Kepler,57.011,13.5,5155.0,0.938,-0.255,0.902
Kepler-318 b,Kepler-318,Kepler,4.662715,4.71,5746.0,1.189,0.00394,1.073
Kepler-314 b,Kepler-314,Kepler,2.461069,0.83,5378.0,0.95,-0.22569,0.99
Kepler-46 b,Kepler-46,Kepler,33.60134,9.057,5155.0,0.938,-0.255,0.902
Kepler-130 c,Kepler-130,Kepler,27.50868,2.9,5879.0,1.17,0.155,1.0
Kepler-418 b,Kepler-418,Kepler,86.67856,13.45,5820.0,1.09,0.11114,0.98
Kepler-33 f,Kepler-33,Kepler,41.02902,4.46,5904.0,1.82,0.556,1.291
Kepler-33 d,Kepler-33,Kepler,21.77596,5.35,5904.0,1.82,0.556,1.291
Kepler-52 b,Kepler-52,Kepler,7.8773565,2.1,4075.0,0.52,-0.99568,0.54
Kepler-58 b,Kepler-58,Kepler,10.2184954,2.78,5843.0,1.03,-0.00422,0.95
Kepler-62 e,Kepler-62,Kepler,122.3874,1.61,4925.0,0.64,-0.678,0.69
Kepler-269 b,Kepler-269,Kepler,5.326718,2.47,5847.0,0.959,0.36836,0.92
Kepler-300 c,Kepler-300,Kepler,40.714955,2.25,5986.0,0.9,0.33994,1.07
Kepler-149 d,Kepler-149,Kepler,160.018032,3.96,5381.0,0.953,-0.11929,1.013
Kepler-124 d,Kepler-124,Kepler,30.950851,1.11,4984.0,0.636,-0.46737,0.706
Kepler-276 d,Kepler-276,Kepler,48.648,2.8,5693.0,1.03,-0.08948,1.1
Kepler-114 c,Kepler-114,Kepler,8.041,1.6,4660.0,0.54,-0.6853,0.56
Kepler-297 b,Kepler-297,Kepler,38.871826,2.87,5619.0,0.915,-0.09608,0.927
Kepler-402 c,Kepler-402,Kepler,6.124821,1.56,6090.0,1.264,0.2035,1.072
Kepler-157 b,Kepler-157,Kepler,1.732342,1.32,5774.0,1.044,0.09117,0.95
Kepler-450 c,Kepler-450,Kepler,15.413135,2.62,6197.21,1.64162,0.55403,1.19
Kepler-81 c,Kepler-81,Kepler,12.04,2.37,4385.0,0.59,-0.88941,0.64
Kepler-412 b,Kepler-412,Kepler,1.7208604,15.031269,5750.0,1.287,0.26854,1.167
Kepler-92 b,Kepler-92,Kepler,13.749,3.51,5883.0,1.7,0.55818,1.21
Kepler-288 c,Kepler-288,Kepler,19.305772,2.85,5918.0,1.091,0.05605,0.842
Kepler-295 b,Kepler-295,Kepler,12.645164,1.22,5603.0,0.898,0.62949,0.89
Kepler-178 d,Kepler-178,Kepler,96.678988,3.95,5676.0,1.066,-0.20778,0.852
Kepler-44 b,Kepler-44,Kepler,3.2467293,12.22,5800.0,1.35,0.34743,1.12
Kepler-41 b,Kepler-41,Kepler,1.8555582,14.46,5750.0,1.29,0.26161,1.15
Kepler-450 d,Kepler-450,Kepler,7.51464,0.837,6197.21,1.64162,0.55403,1.19
Kepler-350 d,Kepler-350,Kepler,26.136,2.8,6492.3,1.25,0.42842,1.0
Kepler-238 f,Kepler-238,Kepler,50.447,2.0,5800.0,0.96,0.43048,1.06
Kepler-287 c,Kepler-287,Kepler,44.851896,3.26,5806.0,1.032,-0.13438,0.963
Kepler-285 b,Kepler-285,Kepler,2.633867,1.34,5411.0,0.808,-0.27923,0.915
Kepler-181 b,Kepler-181,Kepler,3.137873,1.27,5333.0,0.749,-0.37878,0.81
Kepler-1398 c,Kepler-1398,Kepler,4.13827595,1.03,6126.0,1.18,0.31211,1.13
Kepler-284 b,Kepler-284,Kepler,12.699149,2.24,5615.0,0.814,-0.34097,0.766
Kepler-654 b,Kepler-654,Kepler,13.72465129,2.07,5865.0,1.11,0.4622,1.04
Kepler-199 c,Kepler-199,Kepler,67.093408,3.25,5644.0,0.967,-0.09685,0.96
Kepler-214 b,Kepler-214,Kepler,15.660544,2.61,6169.0,1.352,0.5108,1.11
Kepler-87 b,Kepler-87,Kepler,114.73635,13.49,5600.0,1.82,0.32604,1.1
Kepler-75 b,Kepler-75,Kepler,8.8849116,11.77,5200.0,0.89,-0.21487,0.91
Kepler-74 b,Kepler-74,Kepler,7.340711,10.76,6000.0,1.12,0.3321,1.18
Kepler-145 c,Kepler-145,Kepler,42.882,4.32,6022.0,1.85,0.69164,1.32
Kepler-328 b,Kepler-328,Kepler,34.921,2.3,6064.0,1.06,0.44013,1.15
Kepler-115 c,Kepler-115,Kepler,8.990889,2.6,5979.0,1.205,0.22007,1.042
Kepler-341 c,Kepler-341,Kepler,8.01041,1.7,6012.0,1.024,0.12721,0.976
Kepler-225 b,Kepler-225,Kepler,6.738975,1.2,3682.0,0.48,-0.99568,0.593
Kepler-871 b,Kepler-871,Kepler,22.0459018,3.74,5993.0,1.14,0.30895,1.11
Kepler-56 c,Kepler-56,Kepler,21.40239,9.8,4840.0,4.23,0.90455,1.32
Kepler-447 b,Kepler-447,Kepler,7.79430132,18.49,5493.0,1.05,-0.19007,1.0
Kepler-216 b,Kepler-216,Kepler,7.693641,2.35,6091.0,1.26,0.51836,1.126
Kepler-259 c,Kepler-259,Kepler,36.924931,2.7,5938.0,0.898,-0.15271,0.867
Kepler-293 b,Kepler-293,Kepler,19.254196,3.07,5804.0,0.957,-0.23265,0.934
Kepler-291 b,Kepler-291,Kepler,3.546511,2.16,6002.0,1.016,0.07135,1.023
Kepler-242 c,Kepler-242,Kepler,14.496481,2.0,5020.0,0.85,-0.61267,0.748
Kepler-240 b,Kepler-240,Kepler,4.144495,1.37,4985.0,0.739,-0.52355,0.868
Kepler-56 b,Kepler-56,Kepler,10.5016,6.51,4840.0,4.23,0.90455,1.32
Kepler-148 c,Kepler-148,Kepler,4.180043,3.6,5272.0,0.851,-0.38342,0.86
Kepler-179 b,Kepler-179,Kepler,2.735926,1.64,5302.0,0.759,-0.27765,0.893
Kepler-303 b,Kepler-303,Kepler,1.937055,0.89,3944.0,0.485,-1.0655,0.575
Kepler-260 b,Kepler-260,Kepler,8.187399,2.01,5250.0,0.862,-0.09198,1.013
Kepler-226 b,Kepler-226,Kepler,3.940997,1.55,5571.0,0.802,-0.23921,0.904
Kepler-165 c,Kepler-165,Kepler,15.31299,2.23,5211.0,0.77,-0.4723,0.746
Kepler-197 d,Kepler-197,Kepler,15.677563,1.22,6004.0,1.12,0.22187,0.857
Kepler-125 b,Kepler-125,Kepler,4.164389,2.37,3810.0,0.512,-1.3279,0.542101
Kepler-306 c,Kepler-306,Kepler,7.240193,2.35,4954.0,0.719,-0.4693,0.75
KOI-351 e,KOI-351,Kepler,91.93913,2.66,6080.0,1.2,0.26853,1.2
KOI-351 c,KOI-351,Kepler,8.719375,1.19,6080.0,1.2,0.26853,1.2
Kepler-222 c,Kepler-222,Kepler,10.08881,4.64,5433.0,0.869,-0.33784,0.933
Kepler-184 d,Kepler-184,Kepler,29.022358,2.49,5788.0,0.873,-0.22509,0.872
Kepler-309 b,Kepler-309,Kepler,5.923653,1.56,4713.0,0.721,-0.574,0.816
Kepler-696 b,Kepler-696,Kepler,4.190425575,6.14,5903.0,1.08,0.15095,1.06
Kepler-11 f,Kepler-11,Kepler,46.6888,2.49,5663.0,1.065,0.1202,0.961
Kepler-11 e,Kepler-11,Kepler,31.9996,4.19,5663.0,1.065,0.1202,0.961
Kepler-11 g,Kepler-11,Kepler,118.3807,3.33,5663.0,1.065,0.1202,0.961
Kepler-166 c,Kepler-166,Kepler,34.260281,2.38,5413.0,0.742,-0.38508,0.811
Kepler-275 b,Kepler-275,Kepler,10.300682,2.34,6165.0,1.383,0.44934,1.189
Kepler-1298 b,Kepler-1298,Kepler,7.12811928,1.31,6339.0,2.0,0.83982,1.45
Kepler-11 c,Kepler-11,Kepler,13.0241,2.87,5663.0,1.065,0.1202,0.961
Kepler-108 b,Kepler-108,Kepler,49.183921,8.65,5854.0,2.192,0.707,1.247
Kepler-264 b,Kepler-264,Kepler,40.806231,3.33,6158.0,1.55,0.68915,1.426
Kepler-279 b,Kepler-279,Kepler,12.309681,3.62,6363.0,1.746,0.5188,1.2
Kepler-286 c,Kepler-286,Kepler,3.468095,1.37,5580.0,0.863,-0.11623,0.83
Kepler-261 b,Kepler-261,Kepler,10.381227,2.18,5098.0,0.794,-0.471,0.834
Kepler-292 d,Kepler-292,Kepler,7.055679,2.23,5299.0,0.826,-0.33691,0.865
Kepler-119 b,Kepler-119,Kepler,2.422082,3.6,5595.0,0.839,-0.0366,0.918
Kepler-297 c,Kepler-297,Kepler,74.920137,6.54,5619.0,0.915,-0.09608,0.927
Kepler-343 b,Kepler-343,Kepler,8.96855,2.41,5807.0,1.433,0.2162,1.055
Kepler-282 d,Kepler-282,Kepler,24.806,2.46,5656.0,0.89,0.10587,0.97
Kepler-158 b,Kepler-158,Kepler,16.709184,2.12,4623.0,0.624,-0.75667,0.655
Kepler-273 b,Kepler-273,Kepler,2.936532,1.5,5626.0,0.815,-0.34099,0.756
Kepler-677 b,Kepler-677,Kepler,6.57531678,5.38,5723.0,0.99,0.38964,1.0
Kepler-306 b,Kepler-306,Kepler,4.646186,1.52,4954.0,0.719,-0.4693,0.75
Kepler-267 d,Kepler-267,Kepler,28.464515,2.27,4258.0,0.555,-1.22915,0.541571
Kepler-6 b,Kepler-6,Kepler,3.2346996,14.616536,5647.0,1.391,0.18916,1.209
HD 202772 A b,HD 202772 A,Transiting Exoplanet Survey Satellite (TESS),3.308958,17.317905,6272.0,2.591,0.97128,1.72
WASP-18 c,WASP-18,Transiting Exoplanet Survey Satellite (TESS),2.1558,8.58,6400.0,1.23,0.38999,1.22
TOI-1238 c,TOI-1238,Transiting Exoplanet Survey Satellite (TESS),3.294736,2.11,4089.0,0.58,-1.08249,0.59
TOI-1238 b,TOI-1238,Transiting Exoplanet Survey Satellite (TESS),0.764597,1.21,4089.0,0.58,-1.08249,0.59
TOI-1743 b,TOI-1743,Transiting Exoplanet Survey Satellite (TESS),4.266046,1.83,3277.0,0.338,-1.97074,0.339
KOI-13 b,KOI-13,Kepler,1.763588,16.948008,7650.0,1.74,0.971,1.72
Kepler-17 b,Kepler-17,Kepler,1.4857108,14.68,5781.0,1.01034,0.01164,1.04
Ross 176 b,Ross 176,Transiting Exoplanet Survey Satellite (TESS),5.0066338,1.84,4041.0,0.569,-1.10891,0.577
TOI-5422 b,TOI-5422,Transiting Exoplanet Survey Satellite (TESS),5.377219,9.10169233,5820.0,1.474,0.35218,1.066
TOI-5799 b,TOI-5799,Transiting Exoplanet Survey Satellite (TESS),4.164507,1.733,3452.0,0.321,-1.82974,0.325
TOI-6223 b,TOI-6223,Transiting Exoplanet Survey Satellite (TESS),3.855219,5.07,3895.0,0.576,-1.12203,0.582
TOI-5799 c,TOI-5799,Transiting Exoplanet Survey Satellite (TESS),14.010449,1.76,3452.0,0.321,-1.82974,0.325
TOI-7510 b,TOI-7510,Transiting Exoplanet Survey Satellite (TESS),11.530869,7.31,5720.0,1.035,0.01115,1.063
TOI-7510 c,TOI-7510,Transiting Exoplanet Survey Satellite (TESS),22.5687423,10.81,5720.0,1.035,0.01115,1.063
TOI-7510 d,TOI-7510,Transiting Exoplanet Survey Satellite (TESS),48.864468,10.52,5720.0,1.035,0.01115,1.063
Kepler-12 b,Kepler-12,Kepler,4.4379629,19.660586,5947.0,1.483,0.44933,1.166
Kepler-5 b,Kepler-5,Kepler,3.5484657,15.984034,6297.0,1.793,0.65242,1.374
Kepler-276 c,Kepler-276,Kepler,31.884,2.9,5693.0,1.03,-0.08948,1.1
Kepler-305 b,Kepler-305,Kepler,5.487,3.6,5080.0,0.8,-0.42318,0.76
Kepler-266 b,Kepler-266,Kepler,6.61833,2.48,5885.0,1.028,0.01163,0.947
Kepler-121 c,Kepler-121,Kepler,41.008011,2.27,5311.0,0.701,-0.47396,0.859
Kepler-338 d,Kepler-338,Kepler,44.431014,3.0,5923.0,1.735,0.5857,1.105
Kepler-126 d,Kepler-126,Kepler,100.283134,2.5,6239.0,1.358,0.452,1.108
Kepler-381 c,Kepler-381,Kepler,13.391635,1.12,6152.0,1.568,0.5139,1.144
Kepler-249 d,Kepler-249,Kepler,15.368459,1.57,3568.0,0.482,-1.49485,0.510238
Kepler-254 d,Kepler-254,Kepler,18.746477,2.5,5957.0,0.91,-0.12491,0.849
Kepler-363 d,Kepler-363,Kepler,11.932125,2.05,5593.0,1.485,0.36465,1.226
Kepler-366 b,Kepler-366,Kepler,3.281959,1.46,6209.0,1.048,0.57277,1.088
Kepler-141 b,Kepler-141,Kepler,3.107675,0.69,4910.0,0.787,-0.44625,0.878
Kepler-142 d,Kepler-142,Kepler,41.809118,2.16,5790.0,1.269,0.10706,0.978
Kepler-400 b,Kepler-400,Kepler,9.024389,1.65,5886.0,1.145,0.152,1.08
Kepler-204 c,Kepler-204,Kepler,25.660593,1.79,5812.0,1.238,0.02981,1.038
Kepler-312 c,Kepler-312,Kepler,19.747412,3.15,6115.0,1.467,0.59751,1.314
Kepler-286 d,Kepler-286,Kepler,5.914323,1.33,5580.0,0.863,-0.11623,0.83
Kepler-91 b,Kepler-91,Kepler,6.24658,15.322703,4550.0,6.3,1.225,1.31
Kepler-354 b,Kepler-354,Kepler,5.47666,1.84,4648.0,0.674,-0.71394,0.652
Kepler-368 b,Kepler-368,Kepler,26.84768,3.26,5502.0,2.019,0.56235,1.165
Kepler-135 b,Kepler-135,Kepler,6.00253,1.81,6090.0,1.275,0.44809,1.047
Kepler-383 b,Kepler-383,Kepler,12.904532,1.32,4710.0,0.672,-0.698,0.669
Kepler-104 c,Kepler-104,Kepler,23.668205,3.13,5711.0,1.349,0.08926,0.818
Kepler-369 c,Kepler-369,Kepler,14.871572,1.41,3591.0,0.471,-1.42022,0.5
Kepler-371 b,Kepler-371,Kepler,34.763278,1.89,5666.0,0.992,0.24392,0.876
Kepler-147 b,Kepler-147,Kepler,12.610584,1.53,6012.0,1.468,0.42733,1.145
Kepler-132 d,Kepler-132,Kepler,18.010199,1.55,6003.0,1.178,0.211,0.929
Kepler-208 c,Kepler-208,Kepler,7.466623,1.39,6092.0,1.314,0.30912,1.082
Kepler-487 c,Kepler-487,Kepler,38.6519976,2.68,5444.0,0.88,-0.17269,0.91
Kepler-316 c,Kepler-316,Kepler,6.827766,1.16,4204.0,0.52,-0.93554,0.587
Kepler-313 b,Kepler-313,Kepler,14.970418,2.53,5727.0,1.536,0.31196,1.114
Kepler-372 c,Kepler-372,Kepler,20.053763,2.09,6509.0,1.137,0.32073,1.202
Kepler-373 b,Kepler-373,Kepler,5.535309,1.36,5787.0,0.845,0.21244,0.981
Kepler-151 c,Kepler-151,Kepler,24.674612,2.09,5460.0,0.83,-0.33413,0.87
Kepler-386 c,Kepler-386,Kepler,25.193458,1.58,5178.0,0.767,-0.40199,0.825
Kepler-215 c,Kepler-215,Kepler,14.667108,1.77,5739.0,1.027,-0.1172,0.788
Kepler-404 b,Kepler-404,Kepler,11.829851,1.27,5654.0,0.884,-0.33704,0.86
Kepler-317 b,Kepler-317,Kepler,5.524242,2.09,5497.0,0.941,-0.2078,0.865
Kepler-319 c,Kepler-319,Kepler,6.941357,2.63,5526.0,0.903,-0.18116,0.933
Kepler-375 c,Kepler-375,Kepler,19.986326,2.65,5826.0,0.837,-0.16278,0.891
Kepler-356 c,Kepler-356,Kepler,13.121632,1.81,6133.0,1.335,0.46128,1.163
Kepler-387 b,Kepler-387,Kepler,6.791636,1.03,5774.0,1.046,0.13738,0.85
Kepler-388 b,Kepler-388,Kepler,3.173315,0.81,4498.0,0.586,-0.43932,0.635
Kepler-224 e,Kepler-224,Kepler,18.643577,1.97,5018.0,0.676,-0.51445,0.777
Kepler-226 d,Kepler-226,Kepler,8.109044,1.22,5571.0,0.802,-0.23921,0.904
Kepler-348 b,Kepler-348,Kepler,7.05677,1.52,6177.0,1.359,0.4331,1.189
Kepler-338 b,Kepler-338,Kepler,13.726976,2.44,5923.0,1.735,0.5857,1.105
Kepler-376 c,Kepler-376,Kepler,14.172327,1.79,5900.0,1.175,0.35663,0.968
Kepler-377 c,Kepler-377,Kepler,27.014976,2.06,5949.0,1.224,0.21756,1.043
Kepler-389 b,Kepler-389,Kepler,3.244107,1.51,5376.0,0.792,-0.51588,0.765
Kepler-118 b,Kepler-118,Kepler,7.518496,1.96,5274.0,1.094,-0.37737,0.811
Kepler-123 c,Kepler-123,Kepler,26.695074,1.48,6089.0,1.264,0.40952,1.079
Kepler-243 c,Kepler-243,Kepler,20.026218,1.99,5228.0,0.842,-0.37337,0.904
Kepler-379 c,Kepler-379,Kepler,62.784697,2.29,6054.0,1.306,0.27953,1.125
Kepler-112 c,Kepler-112,Kepler,28.574263,2.4,5544.0,0.841,-0.08612,0.782
Kepler-137 c,Kepler-137,Kepler,18.735753,1.88,5187.0,0.802,-0.29234,0.85
Kepler-390 b,Kepler-390,Kepler,6.738088,0.82,5166.0,0.776,-0.352,0.787
Kepler-351 c,Kepler-351,Kepler,57.24809,3.19,5643.0,0.854,-0.38644,0.81
Kepler-327 b,Kepler-327,Kepler,2.549575,1.11,3799.0,0.492,-1.25964,0.591913
Kepler-114 b,Kepler-114,Kepler,5.188549,1.26,4605.0,0.667,-0.6853,0.77
Kepler-358 c,Kepler-358,Kepler,83.488369,2.85,5908.0,0.954,-0.13809,0.94
Kepler-169 c,Kepler-169,Kepler,6.195469,1.21,4997.0,0.763,-0.49611,0.825
Kepler-236 b,Kepler-236,Kepler,8.295611,1.57,3750.0,0.51,-1.22915,0.596005
Kepler-141 c,Kepler-141,Kepler,7.010606,1.41,4910.0,0.787,-0.44625,0.878
Kepler-858 b,Kepler-858,Kepler,76.13602028,4.87,5653.0,0.91,-0.1131,0.96
Kepler-855 b,Kepler-855,Kepler,7.886631104,8.35,5835.0,1.03,0.33305,1.03
Kepler-321 c,Kepler-321,Kepler,13.093921,2.32,5740.0,1.194,-0.00798,1.024
Kepler-349 b,Kepler-349,Kepler,5.929778,1.9,5956.0,0.927,-0.0073,1.083
Kepler-353 c,Kepler-353,Kepler,8.410894,1.38,3903.0,0.504,-1.18709,0.553
Kepler-359 c,Kepler-359,Kepler,57.68802,4.3,6248.0,1.086,-0.09657,0.827
Kepler-173 b,Kepler-173,Kepler,4.263742,1.29,6031.0,0.949,0.07365,1.067
Kepler-180 b,Kepler-180,Kepler,13.817124,1.5,5731.0,1.063,-0.13204,0.95
Kepler-244 d,Kepler-244,Kepler,20.050401,2.31,5554.0,0.803,-0.25619,0.933
Kepler-254 c,Kepler-254,Kepler,12.412183,2.15,5957.0,0.91,-0.12491,0.849
Kepler-330 c,Kepler-330,Kepler,15.955387,1.95,5117.0,0.722,-0.44191,0.848
Kepler-1243 b,Kepler-1243,Kepler,16.8320729,1.75,5667.0,0.94,-0.24358,0.96
Kepler-360 b,Kepler-360,Kepler,3.289672,1.65,6053.0,1.058,-0.13236,0.994
Kepler-49 e,Kepler-49,Kepler,18.596108,1.56,4252.0,0.559,-1.13077,0.549
Kepler-140 b,Kepler-140,Kepler,3.25427,1.61,6077.0,1.288,0.25061,1.044
Kepler-122 d,Kepler-122,Kepler,21.587475,2.2,6050.0,1.216,0.26993,0.982
Kepler-268 c,Kepler-268,Kepler,83.446393,3.38,6081.0,1.274,0.31808,1.109
Kepler-171 c,Kepler-171,Kepler,11.463462,2.56,5642.0,0.839,-0.07917,0.978
Kepler-133 c,Kepler-133,Kepler,31.517586,2.84,5736.0,1.425,0.4105,1.02
Kepler-185 b,Kepler-185,Kepler,1.6329,1.17,5208.0,0.806,-0.50448,0.763
Kepler-346 b,Kepler-346,Kepler,6.511127,2.66,6033.0,1.021,-0.15256,0.943
Kepler-718 b,Kepler-718,Kepler,2.052349905,16.56,6191.0,1.3,0.13394,1.18
Kepler-720 b,Kepler-720,Kepler,4.708326542,8.41,5618.0,0.92,0.03222,0.95
Kepler-1241 b,Kepler-1241,Kepler,18.5525701,2.63,5261.0,0.8,-0.32438,0.84
Kepler-495 b,Kepler-495,Kepler,3.413036221,5.23,5346.0,0.83,-0.2375,0.86
Kepler-281 b,Kepler-281,Kepler,14.646008,2.82,5723.0,0.899,0.14638,0.95
Kepler-288 b,Kepler-288,Kepler,6.097326,1.67,5918.0,1.091,0.05605,0.842
Kepler-394 b,Kepler-394,Kepler,8.005013,1.6,6402.0,1.132,0.05347,0.87
Kepler-189 b,Kepler-189,Kepler,10.399931,1.21,5235.0,0.75,-0.44774,0.803
Kepler-148 b,Kepler-148,Kepler,1.729366,1.8,5272.0,0.851,-0.38342,0.86
Kepler-178 c,Kepler-178,Kepler,20.552802,2.88,5676.0,1.066,-0.20778,0.852
Kepler-686 b,Kepler-686,Kepler,1.594745463,12.15,5649.0,0.92,0.10792,0.94
Kepler-468 b,Kepler-468,Kepler,38.478757067,13.34,5498.0,0.87,-0.28606,0.96
Kepler-953 c,Kepler-953,Kepler,9.10967112,1.19,5416.0,0.99,-0.119,0.95
Kepler-342 b,Kepler-342,Kepler,15.170318,2.25,6175.0,1.472,0.45345,1.213
Kepler-334 c,Kepler-334,Kepler,12.758005,1.43,5828.0,1.068,0.05556,1.022
Kepler-291 c,Kepler-291,Kepler,5.700786,1.88,6002.0,1.016,0.07135,1.023
Kepler-298 c,Kepler-298,Kepler,22.92881,1.93,4465.0,0.582,-0.73284,0.66
Kepler-190 c,Kepler-190,Kepler,3.763024,1.46,5106.0,0.795,-0.44055,0.834
Kepler-191 c,Kepler-191,Kepler,17.738506,1.86,5282.0,0.789,-0.4145,0.857
Kepler-207 c,Kepler-207,Kepler,3.071571,1.5,5920.0,1.588,0.5343,1.313
Kepler-224 b,Kepler-224,Kepler,3.132924,1.39,5018.0,0.676,-0.51445,0.777
Kepler-337 c,Kepler-337,Kepler,9.693201,2.05,5684.0,1.761,0.48057,1.081
Kepler-299 d,Kepler-299,Kepler,15.054786,1.86,5617.0,1.032,-0.04352,1.004
Kepler-953 b,Kepler-953,Kepler,88.40655258,4.21,5416.0,0.99,-0.119,0.95
Kepler-493 b,Kepler-493,Kepler,3.003876581,15.13,6457.0,1.54,0.43813,1.36
Kepler-303 c,Kepler-303,Kepler,7.061149,1.14,3944.0,0.485,-1.0655,0.575
Kepler-137 b,Kepler-137,Kepler,8.436387,1.47,5187.0,0.802,-0.29234,0.85
Kepler-228 b,Kepler-228,Kepler,2.566546,1.53,6043.0,1.014,0.11115,1.006
Kepler-238 c,Kepler-238,Kepler,6.155557,2.39,5751.0,1.43,0.43048,1.229
Kepler-324 c,Kepler-324,Kepler,51.805612,3.15,5194.0,0.84,-0.30825,0.901
Kepler-188 b,Kepler-188,Kepler,2.061897,1.68,6021.0,1.141,0.03447,1.021
Kepler-126 b,Kepler-126,Kepler,10.495711,1.52,6239.0,1.358,0.452,1.108
Kepler-136 c,Kepler-136,Kepler,16.399235,1.99,6165.0,1.355,0.46678,1.204
Kepler-198 c,Kepler-198,Kepler,49.567416,2.47,5574.0,0.94,-0.1089,0.995
Kepler-398 b,Kepler-398,Kepler,4.081423,0.93,4493.0,0.613,-0.81101,0.649
Kepler-244 c,Kepler-244,Kepler,9.767292,2.05,5554.0,0.803,-0.25619,0.933
Kepler-247 b,Kepler-247,Kepler,3.33616,1.64,5100.0,0.768,-0.42165,0.887
Kepler-301 d,Kepler-301,Kepler,13.751243,1.75,5815.0,0.9,-0.07963,1.022
Kepler-301 c,Kepler-301,Kepler,5.419026,1.35,5815.0,0.9,-0.07963,1.022
Kepler-342 d,Kepler-342,Kepler,39.459357,2.49,6175.0,1.472,0.45345,1.213
Kepler-191 b,Kepler-191,Kepler,9.939632,1.34,5282.0,0.789,-0.4145,0.857
Kepler-194 d,Kepler-194,Kepler,52.814973,2.4,6089.0,1.025,0.0427,0.94
Kepler-208 e,Kepler-208,Kepler,16.259458,1.48,6092.0,1.314,0.30912,1.082
Kepler-344 c,Kepler-344,Kepler,125.596809,2.95,5774.0,0.976,-0.18481,0.931
Kepler-304 d,Kepler-304,Kepler,9.653471,2.75,4731.0,0.687,-0.6616,0.737
Kepler-304 c,Kepler-304,Kepler,5.315946,2.17,4731.0,0.687,-0.6616,0.737
Kepler-81 d,Kepler-81,Kepler,20.837846,1.21,4500.0,0.595,-0.88941,0.648
Kepler-548 b,Kepler-548,Kepler,4.454194338,11.99,5535.0,0.9,-0.2012,0.93
Kepler-723 b,Kepler-723,Kepler,4.082275068,12.19,5539.0,0.89,-0.172,0.92
Kepler-197 e,Kepler-197,Kepler,25.209715,0.91,6004.0,1.12,0.22187,0.857
Kepler-200 c,Kepler-200,Kepler,10.222157,1.59,5678.0,0.944,0.00778,0.972
Kepler-346 c,Kepler-346,Kepler,23.851549,3.07,6033.0,1.021,-0.15256,0.943
Kepler-350 b,Kepler-350,Kepler,11.189562,1.85,6186.0,1.534,0.42842,1.19
Kepler-306 e,Kepler-306,Kepler,44.840975,2.27,4954.0,0.719,-0.4693,0.75
Kepler-84 e,Kepler-84,Kepler,27.434389,2.6,6031.0,1.169,0.212,1.06
Kepler-265 e,Kepler-265,Kepler,67.831024,2.59,5835.0,1.103,0.00548,0.97
Kepler-217 c,Kepler-217,Kepler,8.586004,1.85,6171.0,1.799,0.75356,1.342
Kepler-220 d,Kepler-220,Kepler,28.122397,0.98,4632.0,0.666,-0.67594,0.729
Kepler-351 b,Kepler-351,Kepler,37.054919,3.06,5643.0,0.854,-0.38644,0.81
Kepler-352 b,Kepler-352,Kepler,10.05537,0.86,5212.0,0.781,-0.43235,0.798
Kepler-84 d,Kepler-84,Kepler,4.224537,1.38,6031.0,1.169,0.212,1.06
Kepler-310 d,Kepler-310,Kepler,92.876125,2.47,5797.0,0.876,-0.23934,0.854
Kepler-282 b,Kepler-282,Kepler,9.220524,1.01,5602.0,0.904,0.10587,0.86
Kepler-282 c,Kepler-282,Kepler,13.638723,1.2,5602.0,0.904,0.10587,0.86
Kepler-220 e,Kepler-220,Kepler,45.902733,1.33,4632.0,0.666,-0.67594,0.729
Kepler-154 c,Kepler-154,Kepler,62.303276,2.95,5690.0,1.001,0.03322,0.933
Kepler-353 b,Kepler-353,Kepler,5.795278,0.89,3903.0,0.504,-1.18709,0.553
Kepler-85 e,Kepler-85,Kepler,25.216751,1.27,5436.0,0.893,-0.2123,0.947
Kepler-55 e,Kepler-55,Kepler,4.617534,1.55,4503.0,0.619,-0.76324,0.631
Kepler-310 b,Kepler-310,Kepler,13.930698,1.19,5797.0,0.876,-0.23934,0.854
Kepler-286 e,Kepler-286,Kepler,29.221289,1.77,5580.0,0.863,-0.11623,0.83
Kepler-368 c,Kepler-368,Kepler,72.379334,3.88,5502.0,2.019,0.56235,1.165
Kepler-356 b,Kepler-356,Kepler,4.612696,1.57,6133.0,1.335,0.46128,1.163
Kepler-354 d,Kepler-354,Kepler,24.209842,1.24,4648.0,0.674,-0.71394,0.652
Kepler-313 c,Kepler-313,Kepler,32.273273,2.57,5727.0,1.536,0.31196,1.114
Kepler-142 b,Kepler-142,Kepler,2.024152,1.99,5790.0,1.269,0.10706,0.978
Kepler-487 b,Kepler-487,Kepler,15.358768403,11.42,5444.0,0.88,-0.17269,0.91
Kepler-506 b,Kepler-506,Kepler,6.8834055,2.73,6236.0,1.19,0.28755,1.19
Kepler-58 d,Kepler-58,Kepler,40.101371,2.94,6099.0,1.127,-0.00422,1.024
Kepler-299 e,Kepler-299,Kepler,38.285489,1.87,5617.0,1.032,-0.04352,1.004
Kepler-372 b,Kepler-372,Kepler,6.849692,1.36,6509.0,1.137,0.32073,1.202
Kepler-378 c,Kepler-378,Kepler,28.906009,0.7,4661.0,0.671,-0.65539,0.78
Kepler-357 c,Kepler-357,Kepler,16.85837,2.67,5036.0,0.834,-0.55635,0.794
Kepler-308 c,Kepler-308,Kepler,15.38231,2.16,5895.0,0.941,-0.11567,0.92
Kepler-124 b,Kepler-124,Kepler,3.410493,0.73,4984.0,0.636,-0.46737,0.706
Kepler-235 b,Kepler-235,Kepler,3.340222,2.23,4255.0,0.554,-1.10237,0.581
Kepler-392 c,Kepler-392,Kepler,10.423118,1.1,5938.0,1.129,0.19453,0.874
Kepler-360 c,Kepler-360,Kepler,7.186434,2.1,6053.0,1.058,-0.13236,0.994
Kepler-363 b,Kepler-363,Kepler,3.614568,1.16,5593.0,1.485,0.36465,1.226
Kepler-319 d,Kepler-319,Kepler,31.781925,2.29,5526.0,0.903,-0.18116,0.933
Kepler-319 b,Kepler-319,Kepler,4.362705,1.63,5526.0,0.903,-0.18116,0.933
Kepler-398 c,Kepler-398,Kepler,11.419412,1.01,4493.0,0.613,-0.81101,0.649
Kepler-399 b,Kepler-399,Kepler,14.425281,0.96,5502.0,0.68,-0.418,0.902
Kepler-379 b,Kepler-379,Kepler,20.09838,1.66,6054.0,1.306,0.27953,1.125
Kepler-198 b,Kepler-198,Kepler,17.790037,2.82,5574.0,0.94,-0.1089,0.995
Kepler-372 d,Kepler-372,Kepler,30.092568,1.69,6509.0,1.137,0.32073,1.202
Kepler-146 b,Kepler-146,Kepler,31.158799,3.71,5948.0,1.208,0.14794,1.079
Kepler-250 b,Kepler-250,Kepler,4.148141,1.13,5160.0,0.805,-0.45709,0.806
Kepler-390 c,Kepler-390,Kepler,13.060022,0.79,5166.0,0.776,-0.352,0.787
Kepler-373 c,Kepler-373,Kepler,16.725948,1.24,5787.0,0.845,0.21244,0.981
Kepler-326 b,Kepler-326,Kepler,2.248329,1.52,5105.0,0.801,-0.15657,0.91
Kepler-325 c,Kepler-325,Kepler,12.762172,2.54,5752.0,1.003,-0.25468,0.914
Kepler-46 d,Kepler-46,Kepler,6.766589,1.64,5309.0,0.79,-0.255,0.883
Kepler-142 c,Kepler-142,Kepler,4.761702,2.86,5790.0,1.269,0.10706,0.978
Kepler-374 d,Kepler-374,Kepler,5.028219,1.31,5977.0,0.911,0.27435,1.033
Kepler-375 b,Kepler-375,Kepler,12.125934,1.45,5826.0,0.837,-0.16278,0.891
Kepler-256 b,Kepler-256,Kepler,1.620493,1.59,5551.0,1.301,-0.0591,1.037
Kepler-327 d,Kepler-327,Kepler,13.969457,1.73,3799.0,0.492,-1.25964,0.591913
Kepler-403 c,Kepler-403,Kepler,54.280749,1.75,6090.0,1.329,0.64405,1.299
Kepler-209 c,Kepler-209,Kepler,41.749882,3.1,5513.0,0.935,-0.12879,0.971
Kepler-246 c,Kepler-246,Kepler,11.187161,1.5,5206.0,0.831,-0.41338,0.853
Kepler-250 d,Kepler-250,Kepler,17.648312,2.18,5160.0,0.805,-0.45709,0.806
Kepler-376 b,Kepler-376,Kepler,4.920199,1.07,5900.0,1.175,0.35663,0.968
Kepler-380 c,Kepler-380,Kepler,7.630004,1.27,6045.0,1.224,0.2776,0.99
Kepler-130 d,Kepler-130,Kepler,87.517905,1.64,5884.0,1.127,0.19831,0.927
Kepler-252 b,Kepler-252,Kepler,6.668391,1.23,4208.0,0.549,-0.78566,0.61
Kepler-255 b,Kepler-255,Kepler,5.714606,1.55,5573.0,0.933,-0.18311,0.867
Kepler-381 b,Kepler-381,Kepler,5.629021,0.99,6152.0,1.568,0.5139,1.144
Kepler-383 c,Kepler-383,Kepler,31.200751,1.24,4710.0,0.672,-0.698,0.669
Kepler-331 d,Kepler-331,Kepler,32.134328,1.64,4347.0,0.492,-0.78358,0.653
Kepler-333 c,Kepler-333,Kepler,24.08821,1.11,4259.0,0.534,-0.92812,0.601
TOI-3856 b,TOI-3856,Transiting Exoplanet Survey Satellite (TESS),2.04360352,13.59649359,5622.0,1.055,0.00087,1.096
Kepler-405 c,Kepler-405,Kepler,29.726682,4.66,5818.0,0.893,-0.33143,0.873
Kepler-256 d,Kepler-256,Kepler,5.839172,2.48,5551.0,1.301,-0.0591,1.037
Kepler-258 c,Kepler-258,Kepler,33.653079,3.61,4942.0,0.915,-0.57541,0.82
Kepler-387 c,Kepler-387,Kepler,11.837549,0.89,5774.0,1.046,0.13738,0.85
Kepler-334 d,Kepler-334,Kepler,25.09849,1.41,5828.0,1.068,0.05556,1.022
Kepler-336 b,Kepler-336,Kepler,2.024823,1.02,5867.0,1.304,0.26,1.09
Kepler-149 c,Kepler-149,Kepler,55.328328,1.61,5381.0,0.953,-0.11929,1.013
Kepler-393 c,Kepler-393,Kepler,14.613612,1.33,6189.0,1.382,0.52394,1.256
Kepler-292 c,Kepler-292,Kepler,3.715335,1.47,5299.0,0.826,-0.33691,0.865
Kepler-337 b,Kepler-337,Kepler,3.292781,1.54,5684.0,1.761,0.48057,1.081
Kepler-338 c,Kepler-338,Kepler,24.310856,2.34,5923.0,1.735,0.5857,1.105
Kepler-164 b,Kepler-164,Kepler,5.03503,1.41,5888.0,1.148,0.11291,1.036
Kepler-169 f,Kepler-169,Kepler,87.090195,2.58,4997.0,0.763,-0.49611,0.825
Kepler-265 b,Kepler-265,Kepler,6.846262,1.86,5835.0,1.103,0.00548,0.97
Kepler-269 c,Kepler-269,Kepler,8.127899,1.69,5847.0,0.959,0.36836,0.92
Kepler-395 b,Kepler-395,Kepler,7.054346,1.03,4262.0,0.556,-1.194,0.622827
Kepler-298 d,Kepler-298,Kepler,77.473633,2.5,4465.0,0.582,-0.73284,0.66
Kepler-339 c,Kepler-339,Kepler,6.988055,1.15,5631.0,0.802,-0.31322,0.87
Kepler-339 d,Kepler-339,Kepler,10.558345,1.17,5631.0,0.802,-0.31322,0.87
Kepler-171 d,Kepler-171,Kepler,39.595519,1.89,5642.0,0.839,-0.07917,0.978
Kepler-174 d,Kepler-174,Kepler,247.35373,2.19,4880.0,0.622,-0.5704,0.602
Kepler-272 d,Kepler-272,Kepler,10.937304,2.25,5297.0,0.929,0.06634,0.91
Kepler-206 d,Kepler-206,Kepler,23.44281,1.19,5764.0,1.185,0.08357,0.957
Kepler-122 c,Kepler-122,Kepler,12.465988,5.87,6050.0,1.216,0.26993,0.982
Kepler-251 c,Kepler-251,Kepler,16.514043,2.77,5526.0,0.89,-0.17197,0.891
Kepler-234 c,Kepler-234,Kepler,7.21205,3.51,6224.0,1.113,0.23955,1.129
KOI-1257 b,KOI-1257,Kepler,86.647661,10.54,5520.0,1.13,0.0292,0.99
Kepler-200 b,Kepler-200,Kepler,8.594805,2.13,5678.0,0.944,0.00778,0.972
Kepler-188 c,Kepler-188,Kepler,5.996553,3.19,6021.0,1.141,0.03447,1.021
Kepler-252 c,Kepler-252,Kepler,10.848463,2.15,4208.0,0.549,-0.78566,0.61
Kepler-158 c,Kepler-158,Kepler,28.551383,1.9,4623.0,0.624,-0.75667,0.655
TOI-1272 b,TOI-1272,Transiting Exoplanet Survey Satellite (TESS),3.31599,4.13204907,5065.0,0.7934,-0.42597,0.8772
TOI-5720 b,TOI-5720,Transiting Exoplanet Survey Satellite (TESS),1.4344555,1.09,3325.0,0.383,-1.79183,0.383
Kepler-421 b,Kepler-421,Kepler,704.1984,4.16,5308.0,0.757,-0.398,0.794
Kepler-343 c,Kepler-343,Kepler,23.22182,2.02,5807.0,1.433,0.2162,1.055
Kepler-347 c,Kepler-347,Kepler,27.320871,1.75,6088.0,1.005,0.34232,0.922
Kepler-190 b,Kepler-190,Kepler,2.019999,1.56,5106.0,0.795,-0.44055,0.834
Kepler-253 c,Kepler-253,Kepler,10.281951,2.65,5208.0,0.786,-0.38741,0.86
Kepler-170 c,Kepler-170,Kepler,16.665863,2.86,5679.0,1.035,-0.05453,1.066
Kepler-205 c,Kepler-205,Kepler,20.306546,1.64,4321.0,0.546,-0.95618,0.592
TOI-216.02,TOI-216,Transiting Exoplanet Survey Satellite (TESS),17.16073,8.0,5026.0,0.748,-0.44159,0.77
Kepler-202 b,Kepler-202,Kepler,4.069427,1.63,4668.0,0.667,-0.63817,0.683
Kepler-214 c,Kepler-214,Kepler,28.7798,2.13,6169.0,1.352,0.5108,1.11
Kepler-192 b,Kepler-192,Kepler,9.926746,2.74,5479.0,1.007,-0.09429,1.028
Kepler-196 c,Kepler-196,Kepler,47.427737,2.24,5128.0,0.782,-0.39257,0.839
Kepler-245 d,Kepler-245,Kepler,36.277108,3.03,5100.0,0.795,-0.39579,0.856
Kepler-101 c,Kepler-101,Kepler,6.02976,1.25,5667.0,1.56,0.42034,1.17
Kepler-154 b,Kepler-154,Kepler,33.040532,2.26,5690.0,1.001,0.03322,0.933
Kepler-359 d,Kepler-359,Kepler,77.095691,4.01,6248.0,1.086,-0.09657,0.827
Kepler-256 c,Kepler-256,Kepler,3.38802,2.15,5551.0,1.301,-0.0591,1.037
Kepler-254 b,Kepler-254,Kepler,5.826662,3.87,5957.0,0.91,-0.12491,0.849
Kepler-184 c,Kepler-184,Kepler,20.303005,1.97,5788.0,0.873,-0.22509,0.872
Kepler-248 b,Kepler-248,Kepler,6.308205,3.02,5190.0,0.831,-0.41834,0.838
KIC 10001893 b,KIC 10001893,Kepler,0.2197,,27500.0,0.18,1.43069,0.47
KIC 10001893 c,KIC 10001893,Kepler,0.32528,,27500.0,0.18,1.43069,0.47
Kepler-172 b,Kepler-172,Kepler,2.940309,2.35,5526.0,1.085,-0.03187,1.081
Kepler-205 b,Kepler-205,Kepler,2.75564,1.51,4321.0,0.546,-0.95618,0.592
Kepler-257 c,Kepler-257,Kepler,6.581484,5.41,5180.0,1.037,-0.37756,0.916
Kepler-217 b,Kepler-217,Kepler,5.374943,2.23,6171.0,1.799,0.75356,1.342
Kepler-174 c,Kepler-174,Kepler,44.000529,1.49,4880.0,0.622,-0.5704,0.602
Kepler-251 d,Kepler-251,Kepler,30.133001,2.77,5526.0,0.89,-0.17197,0.891
Kepler-423 b,Kepler-423,Kepler,2.6843285,13.361,5560.0,0.95,-0.018,0.85
TOI-561 e,TOI-561,Transiting Exoplanet Survey Satellite (TESS),77.144,2.517,5342.0,0.843,-0.28233,0.806
LTT 1445 A b,LTT 1445 A,Transiting Exoplanet Survey Satellite (TESS),5.3587635,1.34,3562.0,0.271,-2.04591,0.257
TOI-1749 b,TOI-1749,Transiting Exoplanet Survey Satellite (TESS),2.38839,1.39,3985.0,0.55,-1.15649,0.58
TOI-3819 b,TOI-3819,Transiting Exoplanet Survey Satellite (TESS),3.2443141,13.13692538,5859.0,1.538,0.39967,1.242
KIC 10001893 d,KIC 10001893,Kepler,0.81161,,27500.0,0.18,1.43069,0.47
Kepler-361 b,Kepler-361,Kepler,8.486616,1.45,6169.0,1.343,0.45876,1.191
Kepler-362 b,Kepler-362,Kepler,10.327186,0.88,5788.0,0.722,0.20872,0.904
Kepler-218 c,Kepler-218,Kepler,44.699576,3.14,5502.0,1.063,0.00935,1.019
Kepler-193 b,Kepler-193,Kepler,11.38848,2.39,6335.0,1.147,0.09956,1.051
Kepler-253 d,Kepler-253,Kepler,18.119869,3.17,5208.0,0.786,-0.38741,0.86
Kepler-192 c,Kepler-192,Kepler,21.2234,2.79,5479.0,1.007,-0.09429,1.028
TOI-2346 b,TOI-2346,Transiting Exoplanet Survey Satellite (TESS),3.3312029,16.11851425,6480.0,1.38,0.48144,1.271
HIP 113103 b,HIP 113103,Transiting Exoplanet Survey Satellite (TESS),7.610303,1.829,4930.0,0.742,-0.57629,0.761
HD 28109 d,HD 28109,Transiting Exoplanet Survey Satellite (TESS),84.2899,3.11,6189.0,1.425,0.43297,1.227
TOI-1439 b,TOI-1439,Transiting Exoplanet Survey Satellite (TESS),27.644,4.2427861,5841.0,1.6184,0.44091,1.2313
Kepler-365 c,Kepler-365,Kepler,17.784129,1.64,6012.0,1.048,0.112,1.02
Kepler-220 c,Kepler-220,Kepler,9.034199,1.57,4632.0,0.666,-0.67594,0.729
Kepler-487 d,Kepler-487,Kepler,2.418390036,2.77513568,5422.0,0.887,-0.17269,0.874
TOI-1634 b,TOI-1634,Transiting Exoplanet Survey Satellite (TESS),0.9893455,1.773,3472.0,0.45,-1.5784,0.451
TOI-1696 b,TOI-1696,Transiting Exoplanet Survey Satellite (TESS),2.500311,3.09,3185.0,0.2775,-2.14813,0.255
Kepler-522 b,Kepler-522,Kepler,38.58422849,6.91,6392.0,1.98,0.65452,1.54
TOI-3688 A b,TOI-3688 A,Transiting Exoplanet Survey Satellite (TESS),3.246075,13.08088048,5950.0,1.302,0.2833,1.199
TOI-1723 b,TOI-1723,Transiting Exoplanet Survey Satellite (TESS),13.727012643,3.435,5777.0,1.09,0.06446,1.04
Kepler-670 b,Kepler-670,Kepler,2.816504852,13.18,5709.0,0.99,-0.1003,0.99
Kepler-196 b,Kepler-196,Kepler,20.739886,1.9,5128.0,0.782,-0.39257,0.839
Kepler-221 c,Kepler-221,Kepler,5.690586,2.93,5243.0,0.821,-0.40429,0.854
Kepler-163 c,Kepler-163,Kepler,21.347262,2.26,5776.0,0.917,-0.13799,0.882
Kepler-427 b,Kepler-427,Kepler,10.290994,13.79,5800.0,1.35,0.29,0.96
TOI-5728 b,TOI-5728,Transiting Exoplanet Survey Satellite (TESS),11.49761,1.31,3419.0,0.37,-1.74669,0.36
TOI-1246 c,TOI-1246,Transiting Exoplanet Survey Satellite (TESS),5.904137,2.45109846,5213.0,0.8649,-0.30103,0.8889
Kepler-207 d,Kepler-207,Kepler,5.868075,3.31,5920.0,1.588,0.5343,1.313
Kepler-245 b,Kepler-245,Kepler,7.49019,2.57,5100.0,0.795,-0.39579,0.856
Kepler-208 b,Kepler-208,Kepler,4.22864,1.63,6092.0,1.314,0.30912,1.082
Kepler-246 b,Kepler-246,Kepler,4.60182,2.34,5206.0,0.831,-0.41338,0.853
Kepler-179 c,Kepler-179,Kepler,6.40013,2.0,5302.0,0.759,-0.27765,0.893
Kepler-226 c,Kepler-226,Kepler,5.349555,2.27,5571.0,0.802,-0.23921,0.904
Kepler-113 b,Kepler-113,Kepler,4.754,1.82,4725.0,0.69,-0.57598,0.75
Kepler-48 d,Kepler-48,Kepler,42.8961,2.04,5194.0,0.89,-0.28926,0.88
Kepler-199 b,Kepler-199,Kepler,23.637604,3.11,5644.0,0.967,-0.09685,0.96
Kepler-237 c,Kepler-237,Kepler,8.103636,2.08,4861.0,0.725,-0.47742,0.696
Kepler-247 c,Kepler-247,Kepler,9.439452,4.09,5100.0,0.768,-0.42165,0.887
Kepler-161 b,Kepler-161,Kepler,4.921355,2.12,5078.0,0.806,-0.44679,0.853
Kepler-153 b,Kepler-153,Kepler,18.870227,2.92,5404.0,0.892,-0.4463,0.756
Kepler-106 b,Kepler-106,Kepler,6.16486,0.82,5858.0,1.04,0.08255,1.0
Kepler-100 d,Kepler-100,Kepler,35.3331,1.61,5825.0,1.49,0.39445,1.08
Kepler-274 b,Kepler-274,Kepler,11.634788,1.54,6023.0,1.007,0.2013,0.883
Kepler-312 b,Kepler-312,Kepler,1.772419,1.29,6115.0,1.467,0.59751,1.314
Kepler-211 c,Kepler-211,Kepler,6.04045,1.29,5123.0,0.816,-0.4133,0.867
Kepler-212 c,Kepler-212,Kepler,31.805174,2.74,5852.0,1.455,0.38347,1.166
Kepler-228 d,Kepler-228,Kepler,11.094286,4.04,6043.0,1.014,0.11115,1.006
Kepler-230 b,Kepler-230,Kepler,32.625555,4.26,5588.0,0.817,-0.36784,0.784
TOI-444 b,TOI-444,Transiting Exoplanet Survey Satellite (TESS),17.9636,2.77,5225.0,0.779,-0.41794,0.96
TOI-2202 b,TOI-2202,Transiting Exoplanet Survey Satellite (TESS),11.9126075,10.95117414,5169.0,0.808,-0.40121,0.841
LTT 3780 c,LTT 3780,Transiting Exoplanet Survey Satellite (TESS),12.252284,2.39,3358.0,0.38,-1.78252,0.381
Kepler-166 b,Kepler-166,Kepler,7.650254,2.27,5413.0,0.742,-0.38508,0.811
Kepler-181 c,Kepler-181,Kepler,4.302149,1.99,5333.0,0.749,-0.37878,0.81
Kepler-106 d,Kepler-106,Kepler,23.9802,0.95,5858.0,1.04,0.08255,1.0
Kepler-131 c,Kepler-131,Kepler,25.5169,0.84,5685.0,1.03,0.02191,1.02
Kepler-320 b,Kepler-320,Kepler,8.371554,1.14,6435.0,1.108,0.37419,1.072
Kepler-169 e,Kepler-169,Kepler,13.767102,2.2,4997.0,0.763,-0.49611,0.825
Kepler-249 c,Kepler-249,Kepler,7.113702,1.51,3568.0,0.482,-1.49485,0.510238
Kepler-174 b,Kepler-174,Kepler,13.98179,1.96,4880.0,0.622,-0.5704,0.602
Kepler-231 c,Kepler-231,Kepler,19.271566,1.93,3767.0,0.49,-1.03621,0.58
Kepler-197 c,Kepler-197,Kepler,10.349695,1.23,6004.0,1.12,0.22187,0.857
Kepler-151 b,Kepler-151,Kepler,15.228958,3.06,5460.0,0.83,-0.33413,0.87
Kepler-241 b,Kepler-241,Kepler,12.718092,2.33,4699.0,0.668,-0.60729,0.671
Kepler-232 b,Kepler-232,Kepler,4.431222,3.08,5847.0,0.968,0.05183,0.97
Kepler-233 b,Kepler-233,Kepler,8.472382,2.43,5360.0,0.758,-0.32754,0.855
Kepler-143 b,Kepler-143,Kepler,16.007583,2.41,5848.0,1.359,0.29363,0.982
Kepler-332 d,Kepler-332,Kepler,34.21154,1.18,4955.0,0.72,-0.5837,0.743
HIP 9618 b,HIP 9618,Transiting Exoplanet Survey Satellite (TESS),20.772858,3.82838127,5649.0,0.9593,-0.0716,0.942
Kepler-10 b,Kepler-10,Kepler,0.8374907,1.47,5708.0,1.065,0.05467,0.91
Kepler-453 b,Kepler-453,Kepler,240.503,6.204,5527.0,0.833,-0.2205,0.944
TOI-1420 b,TOI-1420,Transiting Exoplanet Survey Satellite (TESS),6.9561063,11.89,5510.0,0.923,-0.15181,0.987
TOI-6109 b,TOI-6109,Transiting Exoplanet Survey Satellite (TESS),5.690476,4.8704,5660.0,1.021,-0.05453,1.03
KIC 3558849 b,KIC 3558849,Kepler,1322.3,6.9,6175.0,1.01,0.40531,0.98
Kepler-440 b,Kepler-440,Kepler,101.11141,1.86,4134.0,0.559,-1.102,0.575
TOI-1221 b,TOI-1221,Transiting Exoplanet Survey Satellite (TESS),91.68278,2.91,5592.0,1.031,-0.01689,0.93
Kepler-490 b,Kepler-490,Kepler,3.268695154,11.65,6045.0,1.12,0.36497,1.08
TOI-5205 b,TOI-5205,Transiting Exoplanet Survey Satellite (TESS),1.630757,11.6,3430.0,0.394,-1.7122,0.392
TOI-1266 d,TOI-1266,Transiting Exoplanet Survey Satellite (TESS),32.509,1.74,3563.0,0.4232,-1.58021,0.437
TOI-1670 b,TOI-1670,Transiting Exoplanet Survey Satellite (TESS),10.98462,2.06,6170.0,1.316,0.40046,1.21
KIC 8540376 b,KOI-7892,Kepler,31.8099,4.1,6474.0,1.26,0.2987,1.04
KIC 8540376 c,KOI-7892,Kepler,75.2,2.4,6474.0,1.26,0.2987,1.04
Kepler-436 b,Kepler-436,Kepler,64.00205,2.73,4651.0,0.697,-0.701,0.729
Kepler-186 f,Kepler-186,Kepler,129.9441,1.17,3755.0,0.523,-1.26,0.544
Kepler-441 b,Kepler-441,Kepler,207.2482,1.64,4340.0,0.55,-1.051,0.572
TOI-1224 c,TOI-1224,Transiting Exoplanet Survey Satellite (TESS),17.945466,2.884,3326.0,0.404,-1.6968,0.4
TOI-712 d,TOI-712,Transiting Exoplanet Survey Satellite (TESS),84.8396,2.474,4622.0,0.674,-0.72793,0.732
TOI-2088 b,TOI-2088,Transiting Exoplanet Survey Satellite (TESS),124.72997,3.6831179,5081.0,0.8481,-0.36151,0.9027
Kepler-435 b,Kepler-435,Kepler,8.6001536,22.31,6161.0,3.21,1.129,1.538
TOI-6383 A b,TOI-6383 A,Transiting Exoplanet Survey Satellite (TESS),1.79058695,11.29,3444.0,0.457,-1.48678,0.458
TOI-836 c,TOI-836,Transiting Exoplanet Survey Satellite (TESS),8.59545,2.587,4552.0,0.665,-0.85276,0.678
TOI-3353.01,TOI-3353,Transiting Exoplanet Survey Satellite (TESS),4.6657965,2.6667555,6365.0,1.0207,-0.0264,1.332089
KIC 10525077 b,KIC 10525077,Kepler,854.083,5.5,6091.0,1.01,0.12899,1.01
KIC 5437945 b,KIC 5437945,Kepler,440.7813,6.4,6340.0,1.24,0.64137,1.07
Kepler-442 b,Kepler-442,Kepler,112.3053,1.34,4402.0,0.598,-0.932,0.609
TOI-1411 b,TOI-1411,Transiting Exoplanet Survey Satellite (TESS),1.4520527,1.19880592,4115.0,0.614,-1.01323,0.6045
Kepler-785 b,Kepler-785,Kepler,1.973760926,13.02,4739.0,0.71,-0.68251,0.77
Kepler-437 b,Kepler-437,Kepler,66.65062,2.14,4551.0,0.68,-0.762,0.707
Kepler-296 c,Kepler-296,Kepler,5.8416366,2.0,3740.0,0.48,-1.50864,0.498
TOI-4603 b,TOI-4603,Transiting Exoplanet Survey Satellite (TESS),7.24599,11.67975789,6264.0,2.738,1.01703,1.765
HD 108236 d,HD 108236,Transiting Exoplanet Survey Satellite (TESS),14.175685,2.539,5660.0,0.877,-0.14997,0.869
Kepler-731 b,Kepler-731,Kepler,3.855603551,13.88,5849.0,1.06,0.03524,1.03
NGTS-33 b,NGTS-33,Transiting Exoplanet Survey Satellite (TESS),2.827972,18.38272835,7437.0,1.47,0.77159,1.6
Kepler-856 b,Kepler-856,Kepler,8.027680595,9.3,5535.0,0.93,-0.02166,0.96
Kepler-79 e,Kepler-79,Kepler,81.0659,3.49,6174.0,1.302,0.342,1.165
Kepler-79 c,Kepler-79,Kepler,27.4029,3.72,6174.0,1.302,0.342,1.165
Kepler-296 d,Kepler-296,Kepler,19.850291,2.09,3740.0,0.48,-1.50864,0.498
Kepler-79 b,Kepler-79,Kepler,13.4845,3.47,6174.0,1.302,0.342,1.165
Kepler-296 e,Kepler-296,Kepler,34.14211,1.53,3740.0,0.48,-1.50864,0.498
Kepler-296 f,Kepler-296,Kepler,63.33627,1.8,3740.0,0.48,-1.50864,0.498
TOI-178 g,TOI-178,Transiting Exoplanet Survey Satellite (TESS),20.71663,2.939,4316.0,0.662,-0.86646,0.647
TOI-1201 b,TOI-1201,Transiting Exoplanet Survey Satellite (TESS),2.4919863,2.415,3476.0,0.508,-1.46852,0.512
TOI-421 b,TOI-421,Transiting Exoplanet Survey Satellite (TESS),5.197576,2.64,5291.0,0.866,-0.26777,0.833
TOI-1789 b,TOI-1789,Transiting Exoplanet Survey Satellite (TESS),3.208664,16.14093221,5991.0,2.168,0.7364,1.507
Kepler-10 c,Kepler-10,Kepler,45.294301,2.355,5708.0,1.065,0.05467,0.91
TOI-4087 b,TOI-4087,Transiting Exoplanet Survey Satellite (TESS),3.1774835,13.04725353,6060.0,1.112,0.17609,1.178
TOI-2019 b,TOI-2019,Transiting Exoplanet Survey Satellite (TESS),15.3444,5.33275337,5626.0,1.7457,0.44075,1.1832
TOI-1798.02,TOI-1798,Transiting Exoplanet Survey Satellite (TESS),0.437811822,1.464,5165.0,0.78,-0.41567,0.87
TOI-4600 b,TOI-4600,Transiting Exoplanet Survey Satellite (TESS),82.6869,6.8,5170.0,0.81,-0.37675,0.89
Kepler-434 b,Kepler-434,Kepler,12.8747099,12.67,5977.0,1.38,0.33,1.198
Kepler-433 b,Kepler-433,Kepler,5.33408384,16.25,6360.0,2.26,0.88,1.46
Kepler-685 b,Kepler-685,Kepler,1.6255222,10.58,5963.0,1.16,-0.05138,1.11
TOI-1806.01,TOI-1806,Transiting Exoplanet Survey Satellite (TESS),15.1454693,3.4095367,3272.0,0.401575,-1.77852,0.392935
HD 207897 b,HD 207897,Transiting Exoplanet Survey Satellite (TESS),16.20166,2.34302132,5106.0,0.7827,-0.42136,0.8208
TOI-3474 b,TOI-3474,Transiting Exoplanet Survey Satellite (TESS),3.8795105,14.67255574,6020.0,1.256,0.26951,1.121
TOI-1333 b,TOI-1333,Transiting Exoplanet Survey Satellite (TESS),4.720219,15.647764,6274.0,1.925,0.71349,1.464
Kepler-445 d,Kepler-445,Kepler,8.15275,1.25,3157.0,0.21,-2.09994,0.18
Kepler-445 c,Kepler-445,Kepler,4.871229,2.51,3157.0,0.21,-2.09994,0.18
Kepler-432 b,Kepler-432,Kepler,52.501129,12.834305,4995.0,4.06,0.92561,1.32
TOI-5181 A b,TOI-5181 A,Transiting Exoplanet Survey Satellite (TESS),3.8922295,13.34989601,6060.0,1.53,0.45788,1.25
HD 20329 b,HD 20329,Transiting Exoplanet Survey Satellite (TESS),0.926118,1.72,5596.0,1.13,0.04922,0.9
Kepler-1624 b,Kepler-1624,Kepler,3.290304518,5.7,3636.0,0.47,-1.32262,0.5
L 98-59 d,L 98-59,Transiting Exoplanet Survey Satellite (TESS),7.450729,1.627,3415.0,0.3155,-1.91364,0.2923
TOI-2497 b,TOI-2497,Transiting Exoplanet Survey Satellite (TESS),10.655669,11.14172682,7360.0,2.36,1.16732,1.859
HR 858 b,HR 858,Transiting Exoplanet Survey Satellite (TESS),3.585287,2.004,6354.0,1.258,0.36361,1.204
Kepler-445 b,Kepler-445,Kepler,2.984151,1.58,3157.0,0.21,-2.09994,0.18
Kepler-446 d,Kepler-446,Kepler,5.148921,1.35,3359.0,0.24,-2.24766,0.22
TOI-1798.01,TOI-1798,Transiting Exoplanet Survey Satellite (TESS),8.021522331,2.448,5165.0,0.78,-0.41567,0.87
TOI-4201 b,TOI-4201,Transiting Exoplanet Survey Satellite (TESS),3.5819194,13.67495645,3794.0,0.63,-1.11919,0.61
TOI-1136 e,TOI-1136,Transiting Exoplanet Survey Satellite (TESS),18.801,2.639,5770.0,0.968,-0.02687,1.022
TOI-431 d,TOI-431,Transiting Exoplanet Survey Satellite (TESS),12.46103,3.29,4850.0,0.731,-0.56509,0.78
GJ 341 b,GJ 341,Transiting Exoplanet Survey Satellite (TESS),7.57686,0.88,3770.0,0.5066,-1.31072,0.48
TOI-2076 d,TOI-2076,Transiting Exoplanet Survey Satellite (TESS),35.125686,3.43087751,5192.0,0.796,-0.37779,0.8557
Kepler-449 c,Kepler-449,Kepler,33.6727,2.764,5649.18,1.467,0.296,1.02
HIP 94235 b,HIP 94235,Transiting Exoplanet Survey Satellite (TESS),7.713057,3.0,5991.0,1.08,0.13759,1.094
TOI-6628 b,TOI-6628,Transiting Exoplanet Survey Satellite (TESS),18.18424,10.98480109,5463.0,1.01,-0.08778,0.97
TOI-1736 b,TOI-1736,Transiting Exoplanet Survey Satellite (TESS),7.073076,3.18175535,5636.0,1.4286,0.27068,1.0373
TOI-5174 b,TOI-5174,Transiting Exoplanet Survey Satellite (TESS),12.214286,5.351,5643.77,1.09457,0.03946,1.0
Kepler-318 c,Kepler-318,Kepler,11.815007,3.68,5746.0,1.189,0.00394,1.073
TOI-3235 b,TOI-3235,Transiting Exoplanet Survey Satellite (TESS),2.59261842,11.39953337,3388.8,0.3697,-1.78968,0.3939
Kepler-431 d,Kepler-431,Kepler,11.922,1.11,6004.0,1.092,0.49839,1.071
Kepler-431 c,Kepler-431,Kepler,8.703,0.668,6004.0,1.092,0.49839,1.071
Kepler-449 b,Kepler-449,Kepler,12.58242,2.056,5649.18,1.467,0.296,1.02
Kepler-430 c,Kepler-430,Kepler,110.979,1.75,5884.0,1.485,0.31207,1.166
Kepler-444 b,Kepler-444,Kepler,3.6001053,0.403,5046.0,0.752,-0.42455,0.758
Kepler-444 c,Kepler-444,Kepler,4.5458841,0.497,5046.0,0.752,-0.42455,0.758
TOI-4010 d,TOI-4010,Transiting Exoplanet Survey Satellite (TESS),14.70886,6.18,4960.0,0.83,-0.3996,0.88
HD 135694 b,HD 135694,Transiting Exoplanet Survey Satellite (TESS),15.923475568,2.857,5712.0,1.08,0.03941,1.02
TOI-815 c,TOI-815,Transiting Exoplanet Survey Satellite (TESS),34.976145,2.62,4869.0,0.77,-0.50459,0.776
TOI-3331 A b,TOI-3331 A,Transiting Exoplanet Survey Satellite (TESS),2.0180231,12.97999965,5609.0,0.952,-0.09313,1.016
TOI-1438 b,TOI-1438,Transiting Exoplanet Survey Satellite (TESS),5.13967,3.04,5230.0,0.82,-0.34679,0.876
TOI-1470 b,TOI-1470,Transiting Exoplanet Survey Satellite (TESS),2.527093,2.18,3709.0,0.469,-1.42481,0.471
Kepler-444 e,Kepler-444,Kepler,7.743493,0.546,5046.0,0.752,-0.42455,0.758
Kepler-444 d,Kepler-444,Kepler,6.189392,0.53,5046.0,0.752,-0.42455,0.758
Kepler-444 f,Kepler-444,Kepler,9.740486,0.741,5046.0,0.752,-0.42455,0.758
TOI-1794 b,TOI-1794,Transiting Exoplanet Survey Satellite (TESS),8.765528,3.29701268,5631.0,1.3162,0.19728,0.9698
TOI-615 b,TOI-615,Transiting Exoplanet Survey Satellite (TESS),4.6615983,18.97680433,6850.0,1.732,0.7679,1.449
TOI-2443 b,TOI-2443,Transiting Exoplanet Survey Satellite (TESS),15.66858,2.363,4375.0,0.631,-0.86487,0.642
TOI-3261 b,TOI-3261,Transiting Exoplanet Survey Satellite (TESS),0.8831331,3.82,5068.0,0.849,-0.36653,0.861
TOI-4666 b,TOI-4666,Transiting Exoplanet Survey Satellite (TESS),2.9089168,12.44196858,3512.0,0.59,-1.22185,0.58
Kepler-37 d,Kepler-37,Kepler,39.7922622,2.03,5357.0,0.789,-0.32187,0.79
TOI-776 b,TOI-776,Transiting Exoplanet Survey Satellite (TESS),8.24662,1.798,3725.0,0.547,-1.3098,0.542
TOI-512 b,TOI-512,Transiting Exoplanet Survey Satellite (TESS),7.18886,1.54,5277.0,0.89,-0.25696,0.74
TOI-833 b,TOI-833,Transiting Exoplanet Survey Satellite (TESS),1.0418777,1.27,3920.0,0.6,-1.11104,0.61
TOI-858 B b,TOI-858 B,Transiting Exoplanet Survey Satellite (TESS),3.2797178,14.06727078,5842.0,1.308,0.25285,1.081
Kepler-1704 b,Kepler-1704,Kepler,988.88112,11.94877343,5746.0,1.697,0.45179,1.132
Kepler-1693 b,Kepler-1693,Kepler,12.0999,1.28938413,5432.34,0.878295,-0.21808,0.95
Kepler-104 b,Kepler-104,Kepler,11.427548,3.1,5711.0,1.349,0.08926,0.818
Kepler-945 b,Kepler-945,Kepler,31.0033814,2.63,5718.0,0.97,0.02447,0.97
TOI-2416 b,TOI-2416,Transiting Exoplanet Survey Satellite (TESS),8.275479,9.86390302,5808.0,1.236,0.197,1.118
Kepler-20 e,Kepler-20,Kepler,6.0984882,0.821,5495.0,0.9164,-0.16451,0.929
TOI-1136 f,TOI-1136,Transiting Exoplanet Survey Satellite (TESS),26.321,3.73591482,5770.0,0.968,-0.02687,1.022
TOI-1244 b,TOI-1244,Transiting Exoplanet Survey Satellite (TESS),6.400316483,2.467,4599.0,0.721,-0.62893,0.73
Kepler-1130 b,Kepler-1130,Kepler,5.45298175,0.8,5403.0,0.81,-0.25964,0.9
Kepler-1878 b,Kepler-1878,Kepler,4.445879936,2.92019781,5918.0,0.865,0.18689,0.956
Kepler-239 c,Kepler-239,Kepler,56.228098,2.51,4914.0,0.763,-0.47489,0.757
WASP-132 c,WASP-132,Transiting Exoplanet Survey Satellite (TESS),1.01153624,1.841,4686.0,0.758,-0.57512,0.789
TOI-5800 b,TOI-5800,Transiting Exoplanet Survey Satellite (TESS),2.6278838,2.46,4850.0,0.773,-0.51004,0.778
Kepler-1849 b,Kepler-1849,Kepler,57.29290009,2.38685349,4806.0,0.729,-0.66231,0.709
Kepler-315 c,Kepler-315,Kepler,265.469335,4.15,5796.0,1.037,0.00383,0.831
Kepler-417 c,Kepler-417,Kepler,15.943,2.69,5177.0,0.806,-0.41061,0.9
Kepler-1213 b,Kepler-1213,Kepler,5.34982412,1.19,6050.0,1.21,0.39455,1.14
Kepler-1020 b,Kepler-1020,Kepler,96.9151496,2.28,5227.0,0.8,-0.43597,0.87
Kepler-682 b,Kepler-682,Kepler,12.611906672,7.37,5559.0,0.89,0.47994,0.92
BD+05 4868 A b,BD+05 4868 A,Transiting Exoplanet Survey Satellite (TESS),1.271869,,4596.0,0.69,-0.7167,0.7
Kepler-579 b,Kepler-579,Kepler,9.66857723,2.0,5636.0,0.96,-0.31094,0.99
Kepler-1074 b,Kepler-1074,Kepler,5.94566534,1.25,4002.0,0.57,-1.12071,0.6
TOI-2194 b,TOI-2194,Transiting Exoplanet Survey Satellite (TESS),15.337597,1.9892,4756.0,0.6909,-0.68955,0.74
TOI-1224 b,TOI-1224,Transiting Exoplanet Survey Satellite (TESS),4.1782745,2.104,3326.0,0.404,-1.6968,0.4
TOI-564 b,TOI-564,Transiting Exoplanet Survey Satellite (TESS),1.651144,11.43318,5640.0,1.088,0.03262,0.998
Kepler-700 b,Kepler-700,Kepler,80.8720639,5.99,5692.0,0.96,0.22961,0.98
TOI-1693 b,TOI-1693,Transiting Exoplanet Survey Satellite (TESS),1.7666957,1.41,3499.0,0.46,-1.55409,0.49
Kepler-948 b,Kepler-948,Kepler,7.76846622,1.85,5679.0,0.94,-0.10938,0.96
TOI-1472 b,TOI-1472,Transiting Exoplanet Survey Satellite (TESS),6.36338574,4.058,5100.0,0.84,-0.35556,0.87
TOI-5786 b,TOI-5786,Transiting Exoplanet Survey Satellite (TESS),12.779107,8.54,6235.0,1.36,0.39733,1.23
TOI-125 c,TOI-125,Transiting Exoplanet Survey Satellite (TESS),9.15059,2.759,5320.0,0.848,-0.28483,0.859
TOI-5153 b,TOI-5153,Transiting Exoplanet Survey Satellite (TESS),20.33003,11.88151954,6300.0,1.4,0.46423,1.24
LP 714-47 b,LP 714-47,Transiting Exoplanet Survey Satellite (TESS),4.052037,4.7,3950.0,0.584,-1.12494,0.59
TOI-1184 b,TOI-1184,Transiting Exoplanet Survey Satellite (TESS),5.748433803,2.39,4534.0,0.69,-0.70115,0.71
Kepler-1278 b,Kepler-1278,Kepler,3.23941344,1.01,6074.0,1.16,0.36593,1.11
TOI-4406 b,TOI-4406,Transiting Exoplanet Survey Satellite (TESS),30.08364,11.2089807,6219.0,1.29,0.36173,1.19
TOI-762 A b,TOI-762 A,Transiting Exoplanet Survey Satellite (TESS),3.4716826,8.33948164,3266.0,0.425,-1.73283,0.442
Kepler-472 b,Kepler-472,Kepler,4.176255514,3.22,4996.0,0.78,-0.51255,0.85
Kepler-1129 b,Kepler-1129,Kepler,24.3397804,2.96,5831.0,1.0,-0.0274,1.0
Kepler-1275 b,Kepler-1275,Kepler,3.65691115,1.48,6296.0,1.36,0.31503,1.23
Kepler-1983 b,Kepler-1983,Kepler,7.32851947,2.33,5135.0,0.874,-0.48076,0.812
TOI-2266 b,TOI-2266,Transiting Exoplanet Survey Satellite (TESS),2.326318,1.54,3200.0,0.24,-2.16716,0.23
TOI-2076 c,TOI-2076,Transiting Exoplanet Survey Satellite (TESS),21.015327,3.69441587,5192.0,0.796,-0.37779,0.8557
Kepler-60 c,Kepler-60,Kepler,8.9187,1.9,5905.0,1.257,0.36906,1.041
HD 109833 c,HD 109833,Transiting Exoplanet Survey Satellite (TESS),13.900148,2.59,5881.0,1.0,0.07188,1.08
Kepler-1870 b,Kepler-1870,Kepler,3.606940031,2.10143764,5508.0,0.84,-0.22577,0.955
Kepler-1339 b,Kepler-1339,Kepler,1.341555127,0.71,5586.0,0.93,0.18765,0.94
Kepler-1905 b,Kepler-1905,Kepler,3.42392993,1.4460734,5788.0,1.015,-0.02528,1.038
Kepler-230 c,Kepler-230,Kepler,91.773242,2.04,5588.0,0.817,-0.36784,0.784
Kepler-1839 b,Kepler-1839,Kepler,5.056759834,1.9493759,5926.0,0.939,0.19174,1.03
Kepler-694 b,Kepler-694,Kepler,6.365841612,2.8,5700.0,0.95,-0.07753,0.97
TOI-5108 b,TOI-5108,Transiting Exoplanet Survey Satellite (TESS),6.753581,6.6,5808.0,1.29,0.27505,1.1
TOI-4914 b,TOI-4914,Transiting Exoplanet Survey Satellite (TESS),10.60057,12.87,5805.0,1.0,0.00903,1.03
Kepler-919 b,Kepler-919,Kepler,11.04603384,2.25,6113.0,1.21,0.16662,1.15
Kepler-1858 b,Kepler-1858,Kepler,88.07160187,2.42168247,4939.0,0.819,-0.45269,0.785
Kepler-949 c,Kepler-949,Kepler,20.99757968,2.97,5211.0,0.895,-0.44164,0.817
Kepler-411 b,Kepler-411,Kepler,3.005156,2.401,4974.0,0.82,-0.57899,0.87
TOI-1416 b,TOI-1416,Transiting Exoplanet Survey Satellite (TESS),1.0697568,1.62,4884.0,0.793,-0.46008,0.798
Kepler-144 b,Kepler-144,Kepler,5.885273,1.33,6075.0,1.235,0.28203,1.154
Kepler-1121 b,Kepler-1121,Kepler,13.15141081,1.91,6231.0,1.59,0.47495,1.29
Kepler-402 d,Kepler-402,Kepler,8.921099,1.38,6090.0,1.264,0.2035,1.072
TOI-4515 b,TOI-4515,Transiting Exoplanet Survey Satellite (TESS),15.266446,12.17,5433.0,0.86,-0.23582,0.949
TOI-3540 A b,TOI-3540 A,Transiting Exoplanet Survey Satellite (TESS),3.119999,23.53885947,5810.0,1.228,0.19005,1.081
Kepler-1690 b,Kepler-1690,Kepler,234.636,2.81109223,5404.0,0.862346,-0.24308,0.94
Kepler-1118 b,Kepler-1118,Kepler,38.6715075,2.74,5688.0,0.97,-0.06047,0.96
Kepler-150 b,Kepler-150,Kepler,3.428054,1.25,5560.0,0.939,-0.16141,0.956
Kepler-1841 b,Kepler-1841,Kepler,25.88599968,1.48912557,5190.0,0.899,-0.27843,0.823
Kepler-620 b,Kepler-620,Kepler,12.91375431,3.32,6155.0,1.22,0.34079,1.15
TOI-3160 A b,TOI-3160 A,Transiting Exoplanet Survey Satellite (TESS),3.971281,13.7646283,6190.0,1.346,0.3784,1.088
TOI-262 b,TOI-262,Transiting Exoplanet Survey Satellite (TESS),11.14529,2.07,5310.0,0.853,-0.28987,0.913
TOI-4184 b,TOI-4184,Transiting Exoplanet Survey Satellite (TESS),4.9019804,2.43,3238.0,0.2347,-2.2644,0.2109
TOI-5489 b,TOI-5489,Transiting Exoplanet Survey Satellite (TESS),3.15222,1.4,3547.0,0.42,-1.60776,0.41
Kepler-405 b,Kepler-405,Kepler,10.613839,2.08,5818.0,0.893,-0.33143,0.873
Kepler-1471 b,Kepler-1471,Kepler,3.63899398,1.41,5660.0,0.93,-0.19895,0.95
Kepler-129 b,Kepler-129,Kepler,15.79,2.4,5770.0,1.653,0.46365,1.178
Kepler-1515 b,Kepler-1515,Kepler,214.3114164,9.55,6511.0,1.41,0.56587,1.3
Kepler-1723 b,Kepler-1723,Kepler,39.75289917,2.88046569,6072.0,1.01,0.03393,0.96
Kepler-1176 b,Kepler-1176,Kepler,24.1738579,2.45,5844.0,1.02,-0.11691,1.01
Kepler-1783 b,Kepler-1783,Kepler,8.277440071,1.31946731,5129.0,1.781,-0.45102,0.887
TOI-6255 b,TOI-6255,Transiting Exoplanet Survey Satellite (TESS),0.23818244,1.079,3421.0,0.37,-1.77344,0.353
TOI-157 b,TOI-157,Transiting Exoplanet Survey Satellite (TESS),2.0845435,14.414774,5404.0,1.167,0.01995,0.948
Kepler-1421 b,Kepler-1421,Kepler,6.9131112,0.93,6335.0,1.42,0.59941,1.25
Kepler-1442 b,Kepler-1442,Kepler,81.4162941,3.93,6394.0,1.44,0.65109,1.34
Kepler-414 b,Kepler-414,Kepler,4.7,1.71,5536.0,0.946,-0.16917,0.89
Kepler-109 c,Kepler-109,Kepler,21.22265,2.65,5950.0,1.387,0.34654,1.094
TOI-712 c,TOI-712,Transiting Exoplanet Survey Satellite (TESS),51.69906,2.701,4622.0,0.674,-0.72793,0.732
Kepler-348 c,Kepler-348,Kepler,17.265427,1.33,6177.0,1.359,0.4331,1.189
Kepler-1200 b,Kepler-1200,Kepler,1.118549717,1.06,4612.0,0.7,-0.68923,0.74
TOI-1130 c,TOI-1130,Transiting Exoplanet Survey Satellite (TESS),8.3501898,13.0,4360.0,0.697,-0.85387,0.745
TOI-1516 b,TOI-1516,Transiting Exoplanet Survey Satellite (TESS),2.056014,15.24421375,6520.0,1.14,0.39065,1.14
HD 101581 b,HIP 56998,Transiting Exoplanet Survey Satellite (TESS),4.46569,0.956,4675.0,0.63,-0.78186,0.653
Kepler-698 b,Kepler-698,Kepler,16.32976218,3.68,5612.0,0.91,0.38841,0.94
TOI-663 b,TOI-663,Transiting Exoplanet Survey Satellite (TESS),2.598902,2.27,3681.0,0.512,-1.37033,0.514
TOI-1259 A b,TOI-1259 A,Transiting Exoplanet Survey Satellite (TESS),3.477978,11.45557828,4775.0,0.711,-0.58996,0.744
TOI-150.01,TOI-150,Transiting Exoplanet Survey Satellite (TESS),5.857487,14.067295,6255.0,1.526,0.49651,1.351
TOI-2107 b,TOI-2107,Transiting Exoplanet Survey Satellite (TESS),2.4545467,13.57407563,5627.0,0.932,-0.10458,0.961
Kepler-1321 b,Kepler-1321,Kepler,11.12830484,4.92,4094.0,0.53,-0.8624,0.54
Kepler-1195 b,Kepler-1195,Kepler,8.49642241,2.08,4965.0,0.71,-0.44607,0.74
Kepler-739 b,Kepler-739,Kepler,12.53248465,3.32,5601.0,0.9,0.01798,0.93
TOI-1248 b,TOI-1248,Transiting Exoplanet Survey Satellite (TESS),4.3601561,6.8084859,5205.0,0.8686,-0.30016,0.9042
TOI-4465 b,TOI-4465,Transiting Exoplanet Survey Satellite (TESS),101.94054,14.01122587,5545.0,1.014,-0.07267,0.93
TOI-2345 b,TOI-2345,Transiting Exoplanet Survey Satellite (TESS),1.0528573,1.504,4687.0,0.729,-0.63639,0.727
LP 890-9 b,LP 890-9,Transiting Exoplanet Survey Satellite (TESS),2.7299025,1.32,2850.0,0.1556,-2.84134,0.118
AU Mic b,AU Mic,Transiting Exoplanet Survey Satellite (TESS),8.46308,3.95677019,3678.0,0.744,-1.0381,0.51
AU Mic c,AU Mic,Transiting Exoplanet Survey Satellite (TESS),18.85969,2.52202066,3678.0,0.744,-1.0381,0.51
TOI-1136 g,TOI-1136,Transiting Exoplanet Survey Satellite (TESS),39.545,2.53,5770.0,0.968,-0.02687,1.022
TOI-5232 b,TOI-5232,Transiting Exoplanet Survey Satellite (TESS),4.0966692,12.778238,6500.0,1.785,0.71265,1.389
TOI-912 b,TOI-912,Transiting Exoplanet Survey Satellite (TESS),4.6780691,1.93,3572.0,0.419,-1.59007,0.418
TOI-813 b,TOI-813,Transiting Exoplanet Survey Satellite (TESS),83.8911,6.71,5907.0,1.94,0.61906,1.32
Kepler-1914 b,Kepler-1914,Kepler,30.82789993,2.9429803,5982.0,0.96,0.07728,1.047
Kepler-224 c,Kepler-224,Kepler,5.925003,3.12,5018.0,0.676,-0.51445,0.777
TOI-1768.01,TOI-1768,Transiting Exoplanet Survey Satellite (TESS),7.337703649,3.453,5994.0,1.1,0.145,1.1
HD 28109 c,HD 28109,Transiting Exoplanet Survey Satellite (TESS),55.99712,4.13,6189.0,1.425,0.43297,1.227
Kepler-911 b,Kepler-911,Kepler,20.310501,2.6,6112.0,1.99,0.70686,1.34
TOI-5803 b,TOI-5803,Transiting Exoplanet Survey Satellite (TESS),5.38305,3.2732,5134.0,0.7625,-0.43899,0.87
TOI-1749 c,TOI-1749,Transiting Exoplanet Survey Satellite (TESS),4.4929,2.12,3985.0,0.55,-1.15649,0.58
TOI-431 b,TOI-431,Transiting Exoplanet Survey Satellite (TESS),0.490047,1.28,4850.0,0.731,-0.56509,0.78
Kepler-795 b,Kepler-795,Kepler,29.6193421,1.68,5631.0,0.96,-0.02178,0.94
TOI-270 c,TOI-270,Transiting Exoplanet Survey Satellite (TESS),5.66051,2.33,3506.0,0.38,-1.7122,0.386
TOI-2158 b,TOI-2158,Transiting Exoplanet Survey Satellite (TESS),8.60077,10.76062147,5673.0,1.41,0.2308,1.12
TOI-3288 b,TOI-3288,Transiting Exoplanet Survey Satellite (TESS),1.4338635,11.2089807,3933.0,0.67,-0.95861,0.64
Kepler-163 b,Kepler-163,Kepler,7.810937,1.05,5776.0,0.917,-0.13799,0.882
Kepler-1987 c,Kepler-1987,Kepler,3.64830183,1.33,4769.0,0.714,-0.61631,0.799
Kepler-668 b,Kepler-668,Kepler,8.35390639,2.7,5352.0,0.82,-0.39647,0.87
HD 219666 b,HD 219666,Transiting Exoplanet Survey Satellite (TESS),6.034468,4.898,5540.0,1.059,-0.0278,1.02
TOI-283 b,TOI-283,Transiting Exoplanet Survey Satellite (TESS),17.61745,2.34,5213.0,0.85,-0.33724,0.8
TOI-2046 b,TOI-2046,Transiting Exoplanet Survey Satellite (TESS),1.4971842,16.14093221,6250.0,1.21,0.27967,1.13
TOI-2459 b,TOI-2459,Transiting Exoplanet Survey Satellite (TESS),19.104718,2.9531,4195.0,0.6751,-0.89565,0.66
Kepler-989 b,Kepler-989,Kepler,7.964315352,2.21,5074.0,0.78,-0.42689,0.82
HD 109833 b,HD 109833,Transiting Exoplanet Survey Satellite (TESS),9.188526,2.888,5881.0,1.0,0.07188,1.08
TOI-1758 b,TOI-1758,Transiting Exoplanet Survey Satellite (TESS),20.705074685,3.62,5169.0,0.81,-0.37263,0.88
HR 858 d,HR 858,Transiting Exoplanet Survey Satellite (TESS),11.230511,2.001,6354.0,1.258,0.36361,1.204
Kepler-1446 b,Kepler-1446,Kepler,0.689967832,0.82,4865.0,0.75,-0.65135,0.81
Kepler-956 b,Kepler-956,Kepler,5.248672631,3.0,6040.0,1.15,0.05208,1.1
Kepler-102 c,Kepler-102,Kepler,7.071392,0.567,4909.0,0.724,-0.58436,0.803
TOI-3493 b,TOI-3493,Transiting Exoplanet Survey Satellite (TESS),8.1594667,3.22,5844.0,1.228,0.19294,1.023
Wolf 327 b,Wolf 327,Transiting Exoplanet Survey Satellite (TESS),0.5734745,1.24,3542.0,0.406,-1.62986,0.405
TOI-880 c,TOI-880,Transiting Exoplanet Survey Satellite (TESS),6.3872703,4.95,5050.0,0.83,-0.44771,0.87
TOI-1278 b,TOI-1278,Transiting Exoplanet Survey Satellite (TESS),14.47567,12.21778896,3799.0,0.573,-1.21183,0.54
TOI-2096 b,TOI-2096,Transiting Exoplanet Survey Satellite (TESS),3.1190633,1.243,3300.0,0.235,-2.22768,0.231
Kepler-98 b,Kepler-98,Kepler,1.54168,1.99,5539.0,1.11,-0.13324,0.99
Kepler-238 b,Kepler-238,Kepler,2.090876,1.73,5751.0,1.43,0.43048,1.229
Kepler-67 b,Kepler-67,Kepler,15.7259,2.94,5331.0,0.778,-0.37633,0.865
TOI-1442 b,TOI-1442,Transiting Exoplanet Survey Satellite (TESS),0.4090677,1.17,3330.0,0.31,-1.97722,0.29
TOI-4495.01,TOI-4495,Transiting Exoplanet Survey Satellite (TESS),5.1830043,3.63045,6156.0,1.34,0.36656,1.168817
TOI-700 c,TOI-700,Transiting Exoplanet Survey Satellite (TESS),16.051137,2.6,3459.0,0.421,-1.64016,0.415
Kepler-1542 d,Kepler-1542,Kepler,5.99273738,0.87,5564.0,0.99,0.07026,0.94
TOI-1295 b,TOI-1295,Transiting Exoplanet Survey Satellite (TESS),3.1968838,15.69257298,6280.0,1.7,0.58659,1.38
HD 108236 e,HD 108236,Transiting Exoplanet Survey Satellite (TESS),19.590025,3.083,5660.0,0.877,-0.14997,0.869
Kepler-1764 b,Kepler-1764,Kepler,70.46829987,4.55527871,6461.0,1.131,0.41465,1.162
Kepler-1269 b,Kepler-1269,Kepler,37.3331536,1.63,5998.0,1.15,0.5557,1.1
Kepler-681 b,Kepler-681,Kepler,26.39435646,3.08,5021.0,0.76,-0.45672,0.8
TOI-4641 b,TOI-4641,Transiting Exoplanet Survey Satellite (TESS),22.09341,8.18255591,6560.0,1.72,0.69461,1.41
TOI-480 b,TOI-480,Transiting Exoplanet Survey Satellite (TESS),6.866196,2.85372018,6174.0,1.4877,0.46195,1.2793
Kepler-1315 b,Kepler-1315,Kepler,0.84338011,1.38,4861.0,0.75,-0.62783,0.8
Kepler-880 c,Kepler-880,Kepler,11.8061737,2.87,6900.0,2.599,0.66603,1.714
TOI-4602.01,TOI-4602,Transiting Exoplanet Survey Satellite (TESS),3.9812091,2.550449,6011.9,1.15664,0.19715,1.116795
TOI-270 b,TOI-270,Transiting Exoplanet Survey Satellite (TESS),3.35992,1.28,3506.0,0.38,-1.7122,0.386
TOI-836 b,TOI-836,Transiting Exoplanet Survey Satellite (TESS),3.81673,1.704,4552.0,0.665,-0.85276,0.678
Kepler-873 b,Kepler-873,Kepler,20.5533844,3.75,6163.0,1.27,0.13449,1.18
TOI-3837 b,TOI-3837,Transiting Exoplanet Survey Satellite (TESS),11.88865,10.87271128,5905.0,1.2,0.19618,0.89
Kepler-1297 b,Kepler-1297,Kepler,1.68189002,0.97,5818.0,0.99,0.30193,0.99
Kepler-80 f,Kepler-80,Kepler,0.9867873,1.21,4540.0,0.678,-0.76955,0.73
Kepler-113 c,Kepler-113,Kepler,8.92507,2.18,4725.0,0.69,-0.57598,0.75
TOI-3894 b,TOI-3894,Transiting Exoplanet Survey Satellite (TESS),4.33454,15.27784069,6000.0,1.502,0.41896,1.138
Kepler-1016 b,Kepler-1016,Kepler,1.954524342,2.18,5821.0,1.0,0.12363,0.99
GJ 3090 b,GJ 3090,Transiting Exoplanet Survey Satellite (TESS),2.8531054,2.13,3556.0,0.516,-1.34199,0.519
HD 235088 b,HD 235088,Transiting Exoplanet Survey Satellite (TESS),7.4341325,1.982,5075.0,0.772,-0.4437,0.849
HD 77946 b,HD 77946,Transiting Exoplanet Survey Satellite (TESS),6.527363,2.89646124,6007.0,1.3174,0.30878,1.1973
TOI-1136 d,TOI-1136,Transiting Exoplanet Survey Satellite (TESS),12.5199,4.627,5770.0,0.968,-0.02687,1.022
Kepler-1651 b,Kepler-1651,Kepler,9.87863917,1.84,3713.0,0.503,-1.368,0.522
Kepler-1354 b,Kepler-1354,Kepler,76.613377,2.97,6168.0,1.24,0.30208,1.16
Kepler-610 b,Kepler-610,Kepler,6.996926554,4.19,5943.0,1.13,-0.11034,1.1
Kepler-1053 b,Kepler-1053,Kepler,2.414351654,0.98,4529.0,0.69,-0.89512,0.74
Kepler-1932 b,Kepler-1932,Kepler,0.524177015,1.51482218,5278.0,0.815,-0.35191,0.911
Kepler-340 c,Kepler-340,Kepler,22.824669,3.37,6620.0,1.85,0.86749,1.65
Kepler-940 b,Kepler-940,Kepler,59.6225257,3.34,5769.0,0.96,-0.05668,0.97
Kepler-524 c,Kepler-524,Kepler,1.88897906,0.96,6014.0,1.1,0.43947,1.09
Kepler-534 c,Kepler-534,Kepler,7.378689766,1.227,5936.0,0.965,0.14739,1.075
Kepler-647 b,Kepler-647,Kepler,16.2254649,1.17,6020.0,1.07,0.41834,1.03
Kepler-130 b,Kepler-130,Kepler,8.457458,1.02,5884.0,1.127,0.19831,0.927
Kepler-1955 b,Kepler-1955,Kepler,14.26519966,1.16654878,5825.0,1.291,0.22965,1.049
Kepler-1869 c,Kepler-1869,Kepler,1.716828304,0.74,5808.0,0.902,-0.05012,0.987
Kepler-537 b,Kepler-537,Kepler,3.247555219,1.41,5763.0,0.99,-0.03874,1.07
Kepler-1546 b,Kepler-1546,Kepler,19.5974971,3.13,5623.0,0.93,-0.12963,0.95
Kepler-1030 b,Kepler-1030,Kepler,19.32952416,2.48,4983.0,0.76,-0.55288,0.8
TOI-125 d,TOI-125,Transiting Exoplanet Survey Satellite (TESS),19.98,2.93,5320.0,0.848,-0.28483,0.859
LHS 3844 b,LHS 3844,Transiting Exoplanet Survey Satellite (TESS),0.46292913,1.303,3036.0,0.189,-2.56543,0.151
TOI-237 b,TOI-237,Transiting Exoplanet Survey Satellite (TESS),5.436098,1.44,3212.0,0.211,-2.38722,0.179
TOI-181 b,TOI-181,Transiting Exoplanet Survey Satellite (TESS),4.532,6.9559,4994.0,0.745,-0.52578,0.822
TOI-260 b,TOI-260,Transiting Exoplanet Survey Satellite (TESS),13.475853,1.71,4026.0,0.607,-1.05899,0.616
TOI-2529 b,TOI-2529,Transiting Exoplanet Survey Satellite (TESS),64.5949,11.54525012,5802.0,1.7,0.46389,1.11
TOI-4379 b,TOI-4379,Transiting Exoplanet Survey Satellite (TESS),3.25352,16.69017226,6020.0,1.976,0.63749,1.372
TOI-5795 b,TOI-5795,Transiting Exoplanet Survey Satellite (TESS),6.1406325,5.62,5715.0,1.082,0.05308,0.901
TOI-198 b,TOI-198,Transiting Exoplanet Survey Satellite (TESS),10.2152,1.44,3650.0,0.441,-1.43315,0.467
TOI-5789 c,TOI-5789,Transiting Exoplanet Survey Satellite (TESS),12.927748,2.86,5185.0,0.833,-0.32883,0.821
L 98-59 c,L 98-59,Transiting Exoplanet Survey Satellite (TESS),3.6906764,1.329,3415.0,0.3155,-1.91364,0.2923
Kepler-1866 b,Kepler-1866,Kepler,11.66009998,2.08215108,5791.0,1.083,0.14386,1.03
TOI-4582 b,TOI-4582,Transiting Exoplanet Survey Satellite (TESS),31.034,10.53644186,5190.0,2.5,0.612,1.34
TOI-2274 b,TOI-2274,Transiting Exoplanet Survey Satellite (TESS),2.67963,2.45,3943.0,0.631,-1.06233,0.612
TOI-1751 b,TOI-1751,Transiting Exoplanet Survey Satellite (TESS),37.46852,2.9507845,5970.0,1.3137,0.29732,0.9382
TOI-4145 A b,TOI-4145 A,Transiting Exoplanet Survey Satellite (TESS),4.0664428,13.30506009,5281.0,0.859,-0.28735,0.905
TOI-1180 b,TOI-1180,Transiting Exoplanet Survey Satellite (TESS),9.686760378,3.072,4738.0,0.73,-0.57675,0.75
HD 25463 b,HD 25463,Transiting Exoplanet Survey Satellite (TESS),7.0491423,2.54535814,6353.0,1.4182,0.47276,1.251
Kepler-1990 b,Kepler-1990,Kepler,1.73513619,3.27,5751.0,1.071,0.11702,1.028
Kepler-633 c,Kepler-633,Kepler,23.78319931,2.296,5877.0,1.265,0.236,0.997
Kepler-397 c,Kepler-397,Kepler,135.498527,6.18,5307.0,0.767,-0.376,0.844
Kepler-781 b,Kepler-781,Kepler,13.2140732,2.89,5162.0,0.78,-0.38375,0.81
Kepler-1021 b,Kepler-1021,Kepler,13.47469571,2.33,5431.0,0.86,-0.28836,0.89
TOI-5592 b,TOI-5592,Transiting Exoplanet Survey Satellite (TESS),2.6085846,17.14974047,6237.0,1.393,0.4216,1.194
Kepler-1952 b,Kepler-1952,Kepler,27.21080017,1.23923346,5973.0,1.305,0.291,0.922
Kepler-216 c,Kepler-216,Kepler,17.406669,3.04,6091.0,1.26,0.51836,1.126
Kepler-1431 b,Kepler-1431,Kepler,5.86601526,1.47,5806.0,1.03,0.24349,1.03
TOI-1775 b,TOI-1775,Transiting Exoplanet Survey Satellite (TESS),10.2405549,8.04728896,5284.0,0.8288,-0.31605,0.9218
TOI-2796 b,TOI-2796,Transiting Exoplanet Survey Satellite (TESS),4.8084983,17.26183028,5764.0,1.069,0.05538,1.063
HD 28109 b,HD 28109,Transiting Exoplanet Survey Satellite (TESS),22.891054,2.69,6189.0,1.425,0.43297,1.227
Kepler-347 b,Kepler-347,Kepler,12.79836,1.97,6088.0,1.005,0.34232,0.922
TOI-2427 b,TOI-2427,Transiting Exoplanet Survey Satellite (TESS),1.3060011,1.8,4072.0,0.65,-0.94244,0.64
Kepler-1514 c,Kepler-1514,Kepler,10.514181,1.1758241,6145.0,1.289,0.32838,1.196
TOI-332 b,TOI-332,Transiting Exoplanet Survey Satellite (TESS),0.777038,3.2,5251.0,0.87,-0.22143,0.88
TOI-880.02,TOI-880,Transiting Exoplanet Survey Satellite (TESS),2.57571,2.19,5050.0,0.83,-0.44771,0.87
TOI-6130 b,TOI-6130,Transiting Exoplanet Survey Satellite (TESS),2.392679,14.3474953,6110.0,1.51,0.4609,1.31
HD 23472 b,HD 23472,Transiting Exoplanet Survey Satellite (TESS),17.667087,2.0,4684.0,0.71,-0.62525,0.67
Kepler-396 b,Kepler-396,Kepler,42.994,3.5,5656.0,1.06,-0.13461,0.85
TOI-1683.01,TOI-1683,Transiting Exoplanet Survey Satellite (TESS),3.0575356,2.6382,4402.0,0.7,-0.78662,0.694661
TOI-5143 c,TOI-5143,Transiting Exoplanet Survey Satellite (TESS),5.2097118,16.25302201,5183.0,0.852,-0.28635,0.864
TOI-5726.01,TOI-5726,Transiting Exoplanet Survey Satellite (TESS),5.491125215,2.554,5874.0,1.106,0.11832,1.06
TOI-1260 b,TOI-1260,Transiting Exoplanet Survey Satellite (TESS),3.127463,2.41,4227.0,0.672,-0.88941,0.679
TOI-3976 A b,TOI-3976 A,Transiting Exoplanet Survey Satellite (TESS),6.607662,12.27383387,5975.0,1.501,0.41296,1.254
Kepler-399 c,Kepler-399,Kepler,26.67569,1.43,5502.0,0.68,-0.418,0.902
Kepler-1802 b,Kepler-1802,Kepler,15.45020008,1.671,4245.0,0.637,-0.925,0.649
TOI-4155 b,TOI-4155,Transiting Exoplanet Survey Satellite (TESS),3.320729,3.21,5724.0,0.95,0.0658,1.16
TOI-5716 b,TOI-5716,Transiting Exoplanet Survey Satellite (TESS),6.7663,0.96,3436.0,0.22,-2.24692,0.19
TOI-4342 c,TOI-4342,Transiting Exoplanet Survey Satellite (TESS),10.688716,2.415,3901.0,0.599,-1.12726,0.6296
HD 63433 d,HD 63433,Transiting Exoplanet Survey Satellite (TESS),4.209075,1.073,5688.0,0.912,-0.12494,0.99
Kepler-1099 b,Kepler-1099,Kepler,2.168452593,2.83,5837.0,1.0,-0.11906,1.01
Kepler-289 b,Kepler-289,Kepler,34.5383,2.49,5990.0,1.0,0.061,1.08
TOI-277 b,TOI-277,Transiting Exoplanet Survey Satellite (TESS),3.994,2.65,4031.0,0.362,-1.3504,0.16
KOI-94 c,KOI-94,Kepler,10.423648,4.32,6182.0,1.52,0.479,1.277
TOI-2986 b,TOI-2986,Transiting Exoplanet Survey Satellite (TESS),3.2783662,9.292245,5906.0,1.458,0.36773,1.122
Kepler-1863 b,Kepler-1863,Kepler,44.99760056,2.26309256,5871.0,0.983,0.40952,1.097
TOI-5388.01,TOI-5388,Transiting Exoplanet Survey Satellite (TESS),2.594675,1.89426,3495.0,0.31,-1.88047,0.28572
HD 42813 b,HD 42813,Transiting Exoplanet Survey Satellite (TESS),13.6308205,3.41,5289.0,0.98,-0.1549,0.901
TOI-2411 b,TOI-2411,Transiting Exoplanet Survey Satellite (TESS),0.7826942,1.68,4099.0,0.68,-0.87076,0.65
TOI-3082 b,TOI-3082,Transiting Exoplanet Survey Satellite (TESS),1.926907,3.6621,4263.0,0.6847,-0.86121,0.664
Kepler-475 b,Kepler-475,Kepler,3.105508189,2.49,5009.0,0.79,-0.46424,0.86
Kepler-1836 b,Kepler-1836,Kepler,5.254169941,2.55303229,6123.0,0.987,0.01616,1.053
Kepler-896 c,Kepler-896,Kepler,29.5422566,3.15,5510.0,0.803,0.48148,0.877
Kepler-385 b,Kepler-385,Kepler,10.043686,2.73,6326.0,1.126,0.14374,0.992
Kepler-691 b,Kepler-691,Kepler,8.114379,2.09,3715.0,0.5,-1.30464,0.53
Kepler-332 b,Kepler-332,Kepler,7.626324,1.17,4955.0,0.72,-0.5837,0.743
Kepler-1041 b,Kepler-1041,Kepler,24.7576421,2.94,5957.0,1.08,0.48914,1.06
Kepler-1578 b,Kepler-1578,Kepler,1.450886907,1.04,5545.0,0.86,-0.16523,0.9
Kepler-1966 b,Kepler-1966,Kepler,8.617429733,1.10479327,5009.0,0.84,-0.56655,0.797
Kepler-1987 d,Kepler-1987,Kepler,5.644914154,2.66,4769.0,0.714,-0.61631,0.799
Kepler-819 b,Kepler-819,Kepler,33.1995648,2.76,5279.0,0.81,-0.39773,0.86
Kepler-887 c,Kepler-887,Kepler,7.63846023,1.13,6194.0,1.29,0.44617,1.19
Kepler-306 d,Kepler-306,Kepler,17.326644,2.47,4954.0,0.719,-0.4693,0.75
Kepler-177 c,Kepler-177,Kepler,49.40926,8.73,5732.0,1.324,0.24,0.921
Kepler-635 b,Kepler-635,Kepler,23.44971004,2.64,6174.0,1.51,0.73514,1.33
Kepler-1083 b,Kepler-1083,Kepler,33.4177993,3.36,5049.0,0.77,-0.47303,0.81
Kepler-79 d,Kepler-79,Kepler,52.0902,7.16,6174.0,1.302,0.342,1.165
Kepler-195 c,Kepler-195,Kepler,34.096863,1.55,5329.0,0.775,-0.36708,0.867
Kepler-1661 b,Kepler-1661,Kepler,175.06,3.87,5100.0,0.762,-0.51299,0.841
Kepler-212 b,Kepler-212,Kepler,16.257582,1.09,5852.0,1.455,0.38347,1.166
Kepler-195 b,Kepler-195,Kepler,8.307872,2.03,5329.0,0.775,-0.36708,0.867
Kepler-24 d,Kepler-24,Kepler,4.244384,1.67,5897.0,1.289,0.064,1.046
Kepler-15 b,Kepler-15,Kepler,4.942782,10.76,5515.0,0.992,-0.087,1.018
Kepler-83 d,Kepler-83,Kepler,5.169796,1.94,4648.0,0.594,-1.10237,0.58
Kepler-143 c,Kepler-143,Kepler,27.082511,3.37,5848.0,1.359,0.29363,0.982
Kepler-1116 b,Kepler-1116,Kepler,41.6977827,2.54,5641.0,0.93,-0.14676,0.95
Kepler-159 c,Kepler-159,Kepler,43.595792,3.41,4625.0,0.663,-0.75443,0.628
Kepler-54 d,Kepler-54,Kepler,20.995694,1.53,4252.0,0.554,-1.30103,0.518
Kepler-1608 b,Kepler-1608,Kepler,16.4735686,1.73,4992.0,0.72,-0.537,0.75
Kepler-152 b,Kepler-152,Kepler,18.207973,2.79,5088.0,0.724,-0.46488,0.779
Kepler-1641 c,Kepler-1641,Kepler,32.657212,2.95,6152.0,1.19,0.13083,1.12
Kepler-968 c,Kepler-968,Kepler,5.709404918,1.69,4598.0,0.7,-0.7626,0.76
Kepler-1463 b,Kepler-1463,Kepler,25.15864,1.86,5679.0,0.95,0.09195,0.96
Kepler-712 c,Kepler-712,Kepler,226.89047,4.85,5148.0,0.78,-0.48393,0.84
Kepler-1948 b,Kepler-1948,Kepler,15.57129955,1.03283226,3872.0,0.557,-0.8617,0.585
Kepler-146 c,Kepler-146,Kepler,76.732171,3.13,5948.0,1.208,0.14794,1.079
Kepler-711 b,Kepler-711,Kepler,23.58914398,3.41,5222.0,0.8,-0.49939,0.84
Kepler-1080 b,Kepler-1080,Kepler,77.2548396,3.28,5956.0,1.16,0.86064,1.1
Kepler-248 c,Kepler-248,Kepler,16.239494,4.07,5190.0,0.831,-0.41834,0.838
Kepler-1319 b,Kepler-1319,Kepler,2.886762645,1.34,3655.0,0.54,-1.45739,0.56
Kepler-678 b,Kepler-678,Kepler,7.27503724,5.14,5520.0,0.91,0.44927,0.94
Kepler-1535 b,Kepler-1535,Kepler,138.9442,2.55,6021.0,1.11,0.16473,1.08
Kepler-39 b,Kepler-39,Kepler,21.08721,13.9,6350.0,1.4,0.34593,1.29
Kepler-1532 b,Kepler-1532,Kepler,1.093663559,1.35,5559.0,0.88,-0.14116,0.91
Kepler-808 b,Kepler-808,Kepler,0.631332353,1.46,4653.0,0.71,-0.6837,0.76
Kepler-335 c,Kepler-335,Kepler,67.844469,3.07,5877.0,1.854,0.57766,1.367
TOI-1453 b,TOI-1453,Transiting Exoplanet Survey Satellite (TESS),4.3135225,1.173,4975.0,0.72,-0.57539,0.715
TOI-2141 b,TOI-2141,Transiting Exoplanet Survey Satellite (TESS),18.261608,3.147,5635.0,0.95,-0.05,0.896
TOI-763 b,TOI-763,Transiting Exoplanet Survey Satellite (TESS),5.6057,2.28,5450.0,0.897,-0.15377,0.917
Kepler-966 b,Kepler-966,Kepler,99.747622,4.13,5840.0,1.02,0.23291,1.02
Kepler-1517 b,Kepler-1517,Kepler,5.546083665,9.76,7010.0,1.95,0.87873,1.58
HD 63935 b,HD 63935,Transiting Exoplanet Survey Satellite (TESS),9.058807,2.91575244,5513.0,0.9598,-0.11464,0.9406
Kepler-260 c,Kepler-260,Kepler,76.050178,1.74,5250.0,0.862,-0.09198,1.013
Kepler-140 c,Kepler-140,Kepler,91.353282,1.8,6077.0,1.288,0.25061,1.044
TOI-2128 b,TOI-2128,Transiting Exoplanet Survey Satellite (TESS),16.34136,2.08874836,5968.0,1.1174,0.15625,1.0251
Kepler-14 b,Kepler-14,Kepler,6.790123,12.733,6395.0,2.048,0.799,1.512
Kepler-941 b,Kepler-941,Kepler,17.42395198,3.08,5539.0,0.86,-0.20576,0.89
Kepler-85 c,Kepler-85,Kepler,12.51,1.978,5505.2,0.875,-0.2123,0.928
Kepler-734 b,Kepler-734,Kepler,6.104852856,3.56,5326.0,0.78,0.37395,0.85
Kepler-599 b,Kepler-599,Kepler,15.65562652,2.84,5127.0,0.79,-0.52232,0.83
Kepler-1203 b,Kepler-1203,Kepler,0.588000765,1.06,4105.0,0.61,-0.85362,0.64
Kepler-1720 b,Kepler-1720,Kepler,12.70639992,3.21585295,5573.0,0.839,-0.33619,0.939
Kepler-549 b,Kepler-549,Kepler,42.9495649,2.57,5360.0,0.84,-0.30618,0.88
Kepler-19 c,Kepler-19,Kepler,28.731,3.68,5544.0,0.859,-0.16056,0.936
Kepler-1727 b,Kepler-1727,Kepler,9.029299736,3.17321625,5349.0,0.82,-0.25065,0.824
Kepler-531 b,Kepler-531,Kepler,29.88485741,2.78,4893.0,0.75,-0.55216,0.78
Kepler-1182 b,Kepler-1182,Kepler,11.17394617,2.41,5924.0,1.05,0.25605,1.04
Kepler-513 b,Kepler-513,Kepler,28.86235584,2.2,5849.0,1.06,0.07874,1.02
Kepler-1329 b,Kepler-1329,Kepler,9.33646594,2.17,4500.0,0.69,-0.77081,0.72
Kepler-825 c,Kepler-825,Kepler,8.1818246,1.84,5976.0,1.08,0.11956,1.03
Kepler-382 b,Kepler-382,Kepler,5.262155,1.32,5600.0,0.945,0.14553,1.002
Kepler-1191 b,Kepler-1191,Kepler,5.60014851,1.51,5308.0,0.81,-0.22611,0.85
Kepler-1891 b,Kepler-1891,Kepler,4.02229023,1.52139156,5516.0,0.827,-0.23134,0.873
Kepler-1456 b,Kepler-1456,Kepler,18.1373829,1.14,4231.0,0.62,-0.957,0.64
Kepler-529 b,Kepler-529,Kepler,1.980357663,1.86,6087.0,1.14,0.207,1.07
Kepler-835 b,Kepler-835,Kepler,11.41909375,2.79,5954.0,1.11,0.32995,1.08
Kepler-1666 c,Kepler-1666,Kepler,40.7157,3.23564749,6293.0,1.14586,0.26839,1.23
Kepler-690 b,Kepler-690,Kepler,7.748094374,5.95,5913.0,1.16,0.14056,1.11
Kepler-136 b,Kepler-136,Kepler,11.5789,2.05,6165.0,1.355,0.46678,1.204
Kepler-775 b,Kepler-775,Kepler,0.974868926,1.19,5468.0,0.84,-0.26699,0.92
KIC 10068024 b,KIC 10068024,Kepler,2.073549,13.4,6118.4,1.574,0.496,1.22
Kepler-357 b,Kepler-357,Kepler,6.475434,1.84,5036.0,0.834,-0.55635,0.794
Kepler-23 d,Kepler-23,Kepler,15.27,2.206,5828.0,1.548,0.39783,1.078
Kepler-1510 b,Kepler-1510,Kepler,84.703921,3.36,6200.0,1.28,0.37703,1.19
Kepler-1324 b,Kepler-1324,Kepler,4.115844679,1.51,4776.0,0.73,-0.67302,0.78
Kepler-110 b,Kepler-110,Kepler,12.691112,1.83,5960.0,1.149,0.27598,0.989
Kepler-716 c,Kepler-716,Kepler,3.96999,1.39281536,5012.0,0.742183,-0.50424,0.83
Kepler-1850 b,Kepler-1850,Kepler,1.385800004,0.72909663,4239.0,0.6,-0.81005,0.611
Kepler-1365 b,Kepler-1365,Kepler,7.69993485,0.92,5770.0,1.05,0.42479,1.0
Kepler-341 d,Kepler-341,Kepler,27.666313,1.85,6012.0,1.024,0.12721,0.976
Kepler-977 b,Kepler-977,Kepler,26.85328322,2.62,5315.0,0.83,-0.47627,0.87
Kepler-879 b,Kepler-879,Kepler,33.3855938,2.57,5792.0,1.02,0.0334,1.02
Kepler-1933 b,Kepler-1933,Kepler,4.943290234,1.17984089,5661.0,1.008,-0.11595,0.964
Kepler-1641 b,Kepler-1641,Kepler,19.672266,3.11,6152.0,1.19,0.13083,1.12
Kepler-23 b,Kepler-23,Kepler,7.1,1.638,5828.0,1.548,0.39783,1.078
Kepler-554 b,Kepler-554,Kepler,1.902208556,4.29,5447.0,0.92,-0.11758,0.93
Kepler-1331 b,Kepler-1331,Kepler,0.789161653,1.05,4508.0,0.69,-0.90934,0.72
